MSR_DT,STTN_NM,PM25,PM10,O3,CO,SO2,NO2,Month,Hour
2023-09-10 09:00:00,삼방동,7.0,15.0,,0.27,0.0016,0.008,9.0,9.0
2023-08-20 13:00:00,삼방동,16.0,21.0,0.034,0.56,0.0019,0.007,8.0,13.0
2023-09-07 15:00:00,삼방동,6.0,19.0,0.05,,0.0014,0.004,9.0,15.0
2023-11-16 19:00:00,삼방동,15.0,21.0,0.03,0.38,0.0017,0.015,11.0,19.0
2023-05-19 08:00:00,삼방동,2.0,1.0,0.048,0.1,0.002,0.007,5.0,8.0
2023-08-29 02:00:00,삼방동,10.0,15.0,0.023,0.27,0.0021,0.004,8.0,2.0
2023-09-06 21:00:00,삼방동,11.0,23.0,,0.18,0.0013,0.004,9.0,21.0
2023-12-31 23:00:00,삼방동,10.0,23.0,0.0296,0.46,0.0017,0.0131,12.0,23.0
2023-09-11 08:00:00,삼방동,14.0,21.0,,0.35,0.0017,0.017,9.0,8.0
2023-10-27 02:00:00,삼방동,,,,,,,10.0,2.0
2023-10-22 06:00:00,삼방동,3.0,17.0,0.021,0.27,0.0015,0.012,10.0,6.0
2023-10-04 04:00:00,삼방동,13.0,17.0,0.02,0.28,0.0018,0.008,10.0,4.0
,삼방동,7.0,13.0,0.018,0.4,0.003,0.021,,
2023-08-23 17:00:00,삼방동,11.0,23.0,0.016,0.35,0.0018,0.005,8.0,17.0
2023-08-18 08:00:00,삼방동,9.0,17.0,0.004,0.31,0.0016,0.014,8.0,8.0
2023-08-05 15:00:00,삼방동,12.0,19.0,0.041,0.39,0.0026,0.007,8.0,15.0
2023-10-14 07:00:00,삼방동,10.0,17.0,0.021,0.34,0.0018,0.017,10.0,7.0
2023-02-20 11:00:00,삼방동,9.0,33.0,0.035,0.3,0.003,0.011,2.0,11.0
2023-05-21 23:00:00,삼방동,14.0,33.0,0.044,0.2,0.002,0.01,5.0,23.0
2023-10-29 15:00:00,삼방동,11.0,25.0,0.055,0.43,0.0023,0.007,10.0,15.0
2023-04-03 20:00:00,삼방동,8.0,23.0,0.054,0.27,0.002,0.009,4.0,20.0
2023-09-13 18:00:00,삼방동,10.0,21.0,0.053,0.4,0.0011,0.008,9.0,18.0
2023-07-12 10:00:00,삼방동,3.0,1.0,0.026,0.38,,0.014,7.0,10.0
2023-03-16 02:00:00,삼방동,4.0,15.0,0.02,0.3,0.002,0.016,3.0,2.0
2023-03-28 04:00:00,삼방동,15.0,29.0,0.027,0.3,0.002,0.014,3.0,4.0
2023-07-13 09:00:00,삼방동,7.0,15.0,0.023,0.54,,0.02,7.0,9.0
2023-09-17 19:00:00,삼방동,2.0,15.0,0.03,0.37,0.0018,0.01,9.0,19.0
2023-03-17 08:00:00,삼방동,10.0,29.0,0.041,0.4,0.003,0.01,3.0,8.0
2023-08-25 10:00:00,삼방동,9.0,21.0,0.022,0.45,0.002,0.014,8.0,10.0
2023-12-25 21:00:00,삼방동,21.0,35.0,0.0246,0.42,0.002,0.0188,12.0,21.0
2023-08-10 21:00:00,삼방동,3.0,7.0,0.021,0.35,0.0016,0.007,8.0,21.0
2023-01-16 01:00:00,삼방동,9.0,19.0,0.03,,0.003,0.004,1.0,1.0
2023-08-09 06:00:00,삼방동,7.0,13.0,0.014,0.37,0.0011,0.003,8.0,6.0
2023-10-30 11:00:00,삼방동,14.0,41.0,0.031,0.51,0.0032,0.024,10.0,11.0
2023-01-04 09:00:00,삼방동,15.0,42.0,0.019,0.3,0.004,0.018,1.0,9.0
2023-06-03 13:00:00,삼방동,18.0,35.0,0.086,0.46,0.0027,0.01,6.0,13.0
2023-04-08 06:00:00,삼방동,5.0,17.0,0.045,0.23,0.002,0.007,4.0,6.0
2023-02-15 08:00:00,삼방동,5.0,5.0,0.034,0.3,0.002,0.008,2.0,8.0
2023-02-01 15:00:00,삼방동,19.0,47.0,0.058,0.4,0.003,0.008,2.0,15.0
2023-03-01 22:00:00,삼방동,34.0,35.0,0.052,0.4,0.003,0.009,3.0,22.0
2023-07-23 19:00:00,삼방동,5.0,9.0,0.039,0.38,0.0013,0.006,7.0,19.0
2023-06-08 12:00:00,삼방동,,,,,,,6.0,12.0
2023-05-01 08:00:00,삼방동,15.0,65.0,0.061,0.31,0.003,0.007,5.0,8.0
,삼방동,27.0,31.0,0.001,0.8,0.003,0.03,,
2023-09-01 03:00:00,삼방동,6.0,11.0,0.017,0.49,0.0013,0.007,9.0,3.0
2023-06-07 18:00:00,삼방동,,,,,,,6.0,18.0
2023-05-11 04:00:00,삼방동,22.0,41.0,0.034,0.36,0.002,0.012,5.0,4.0
2023-03-31 07:00:00,삼방동,34.0,69.0,0.023,0.53,0.003,0.039,3.0,7.0
2023-12-19 22:00:00,삼방동,9.0,23.0,0.0162,0.34,0.0029,0.0218,12.0,22.0
2023-04-19 23:00:00,삼방동,22.0,49.0,0.024,0.42,0.003,0.017,4.0,23.0
2023-10-14 12:00:00,삼방동,17.0,31.0,0.054,0.43,0.0034,0.015,10.0,12.0
2023-07-26 06:00:00,삼방동,11.0,15.0,0.008,0.24,0.0014,0.005,7.0,6.0
2023-02-14 02:00:00,삼방동,14.0,19.0,0.033,0.5,0.002,0.011,2.0,2.0
2023-09-07 01:00:00,삼방동,12.0,25.0,,0.17,0.0013,0.003,9.0,1.0
2023-08-20 21:00:00,삼방동,8.0,15.0,0.022,0.48,0.0015,0.009,8.0,21.0
2023-11-27 13:00:00,삼방동,29.0,65.0,0.006,0.55,0.0037,0.051,11.0,13.0
2023-12-06 23:00:00,삼방동,67.0,87.0,0.0539,0.61,0.0026,0.0115,12.0,23.0
,삼방동,1.0,7.0,0.018,0.36,0.0011,0.002,,
2023-07-21 15:00:00,삼방동,19.0,23.0,0.077,0.3,0.002,0.006,7.0,15.0
2023-07-12 22:00:00,삼방동,10.0,21.0,0.036,0.42,,0.007,7.0,22.0
,삼방동,6.0,19.0,0.04,0.25,0.002,0.011,,
2023-02-08 10:00:00,삼방동,58.0,79.0,0.01,0.8,0.004,0.046,2.0,10.0
2023-11-07 09:00:00,삼방동,6.0,25.0,0.026,0.29,0.0022,0.012,11.0,9.0
2023-02-01 05:00:00,삼방동,17.0,31.0,0.005,0.6,0.003,0.047,2.0,5.0
2023-03-14 19:00:00,삼방동,11.0,49.0,0.038,0.3,0.002,0.022,3.0,19.0
2023-11-10 22:00:00,삼방동,8.0,17.0,0.019,0.32,0.0021,0.017,11.0,22.0
2023-10-30 09:00:00,삼방동,15.0,39.0,0.006,0.62,0.0028,0.033,10.0,9.0
2023-12-12 10:00:00,삼방동,1.0,3.0,0.0334,0.31,0.002,0.008,12.0,10.0
2023-11-03 23:00:00,삼방동,11.0,19.0,0.023,0.36,0.0024,0.015,11.0,23.0
2023-06-05 01:00:00,삼방동,12.0,17.0,0.045,0.49,0.0025,0.008,6.0,1.0
2023-10-24 18:00:00,삼방동,16.0,31.0,0.031,0.4,0.0021,0.029,10.0,18.0
2023-05-10 10:00:00,삼방동,28.0,53.0,0.038,0.45,0.003,0.041,5.0,10.0
2023-01-25 19:00:00,삼방동,7.0,9.0,0.017,0.4,0.002,0.021,1.0,19.0
2023-03-12 01:00:00,삼방동,38.0,65.0,0.036,0.6,0.002,0.017,3.0,1.0
2023-02-04 16:00:00,삼방동,21.0,35.0,0.047,0.5,0.003,0.012,2.0,16.0
2023-05-07 22:00:00,삼방동,12.0,21.0,0.047,0.25,0.002,0.007,5.0,22.0
2023-01-14 04:00:00,삼방동,5.0,33.0,0.003,,0.004,0.015,1.0,4.0
2023-10-08 05:00:00,삼방동,5.0,17.0,0.038,0.25,0.002,0.006,10.0,5.0
2023-09-02 16:00:00,삼방동,6.0,13.0,0.022,0.39,0.0021,0.009,9.0,16.0
2023-09-05 21:00:00,삼방동,7.0,15.0,,0.21,0.0022,0.005,9.0,21.0
2023-06-15 18:00:00,삼방동,23.0,35.0,0.098,0.36,0.0034,0.014,6.0,18.0
2023-07-26 13:00:00,삼방동,30.0,25.0,0.02,0.28,0.0056,0.005,7.0,13.0
2023-11-19 09:00:00,삼방동,8.0,19.0,0.022,0.4,0.002,0.018,11.0,9.0
2023-03-26 07:00:00,삼방동,21.0,91.0,0.031,0.3,0.002,0.007,3.0,7.0
2023-09-20 20:00:00,삼방동,8.0,13.0,0.021,0.28,0.0011,0.007,9.0,20.0
2023-10-17 17:00:00,삼방동,9.0,33.0,0.047,0.34,0.0021,0.015,10.0,17.0
2023-01-22 08:00:00,삼방동,10.0,,0.013,0.4,0.004,0.02,1.0,8.0
2023-06-02 15:00:00,삼방동,8.0,33.0,0.074,0.37,0.0025,0.008,6.0,15.0
2023-09-18 03:00:00,삼방동,4.0,15.0,0.02,0.26,0.002,0.007,9.0,3.0
2023-11-27 19:00:00,삼방동,17.0,35.0,0.028,0.52,0.0029,0.023,11.0,19.0
2023-12-07 08:00:00,삼방동,6.0,25.0,0.0332,0.28,0.0021,0.0103,12.0,8.0
2023-05-22 10:00:00,삼방동,25.0,133.0,0.035,0.14,0.002,0.015,5.0,10.0
2023-12-14 03:00:00,삼방동,6.0,19.0,0.0244,0.33,0.0029,0.0151,12.0,3.0
2023-07-08 01:00:00,삼방동,4.0,5.0,0.041,0.37,,0.008,7.0,1.0
2023-09-26 04:00:00,삼방동,7.0,15.0,0.025,0.25,0.002,0.008,9.0,4.0
2023-09-08 07:00:00,삼방동,6.0,15.0,0.033,,0.0015,0.005,9.0,7.0
,삼방동,16.0,33.0,0.0267,0.49,0.0023,0.015,,
2023-01-01 15:00:00,삼방동,43.0,62.0,0.04,0.4,0.004,0.007,1.0,15.0
2023-08-10 03:00:00,삼방동,1.0,5.0,0.018,0.37,0.0012,0.002,8.0,3.0
2023-12-22 05:00:00,삼방동,10.0,21.0,0.0222,0.29,0.002,0.0108,12.0,5.0
2023-02-06 03:00:00,삼방동,25.0,27.0,0.014,0.7,0.004,0.033,2.0,3.0
2023-11-10 07:00:00,삼방동,15.0,21.0,0.022,0.32,0.0021,0.013,11.0,7.0
2023-09-19 03:00:00,삼방동,9.0,23.0,0.019,0.34,0.0011,0.006,9.0,3.0
2023-03-29 23:00:00,삼방동,48.0,119.0,0.073,0.5,0.003,0.015,3.0,23.0
2023-01-10 06:00:00,삼방동,29.0,64.0,0.018,0.4,0.003,0.019,1.0,6.0
2023-10-14 05:00:00,삼방동,12.0,25.0,0.022,0.33,0.0019,0.016,10.0,5.0
2023-09-14 09:00:00,삼방동,5.0,9.0,0.036,0.4,0.001,0.011,9.0,9.0
,삼방동,12.0,23.0,0.023,0.3,0.003,0.016,,
2023-10-24 06:00:00,삼방동,28.0,47.0,0.005,0.47,0.0023,0.033,10.0,6.0
2023-12-16 21:00:00,삼방동,5.0,11.0,0.0339,0.3,0.0019,0.0081,12.0,21.0
2023-04-14 12:00:00,삼방동,23.0,99.0,0.005,0.46,0.003,0.054,4.0,12.0
2023-05-09 09:00:00,삼방동,24.0,47.0,0.017,0.49,0.003,0.037,5.0,9.0
2023-10-24 13:00:00,삼방동,11.0,39.0,0.055,0.31,0.002,0.013,10.0,13.0
2023-01-14 22:00:00,삼방동,0.0,9.0,0.04,,0.003,0.003,1.0,22.0
2023-09-20 13:00:00,삼방동,20.0,35.0,0.038,0.45,0.0022,0.014,9.0,13.0
2023-08-05 02:00:00,삼방동,4.0,11.0,0.015,0.31,0.0016,0.008,8.0,2.0
2023-03-22 09:00:00,삼방동,,,0.04,0.3,0.002,0.01,3.0,9.0
2023-05-01 21:00:00,삼방동,11.0,25.0,0.044,0.32,0.003,0.013,5.0,21.0
2023-03-30 03:00:00,삼방동,40.0,87.0,0.061,0.44,0.003,0.012,3.0,3.0
2023-11-01 19:00:00,삼방동,12.0,31.0,0.036,0.38,0.002,0.018,11.0,19.0
2023-03-25 11:00:00,삼방동,23.0,141.0,0.042,0.2,0.002,0.007,3.0,11.0
2023-12-08 10:00:00,삼방동,43.0,105.0,0.0035,1.24,0.0045,0.0569,12.0,10.0
2023-10-14 11:00:00,삼방동,23.0,47.0,0.037,0.41,0.0038,0.022,10.0,11.0
2023-06-12 22:00:00,삼방동,9.0,17.0,0.038,0.29,0.0027,0.009,6.0,22.0
2023-12-09 21:00:00,삼방동,17.0,43.0,0.0211,0.51,0.0021,0.0263,12.0,21.0
,삼방동,8.0,19.0,0.017,0.3,0.003,0.02,,
2023-12-27 21:00:00,삼방동,20.0,43.0,0.0061,0.5,0.0026,0.0407,12.0,21.0
2023-11-07 06:00:00,삼방동,9.0,25.0,0.035,0.25,0.0021,0.008,11.0,6.0
2023-07-07 20:00:00,삼방동,4.0,5.0,0.037,0.44,,0.022,7.0,20.0
2023-11-19 14:00:00,삼방동,7.0,17.0,0.039,0.31,0.0021,0.009,11.0,14.0
2023-02-14 01:00:00,삼방동,14.0,17.0,0.036,0.5,0.002,0.01,2.0,1.0
2023-01-14 07:00:00,삼방동,9.0,18.0,0.019,,0.003,0.006,1.0,7.0
2023-09-30 15:00:00,삼방동,8.0,17.0,0.047,0.3,0.002,0.007,9.0,15.0
2023-03-08 23:00:00,삼방동,12.0,23.0,0.043,0.4,0.002,0.019,3.0,23.0
2023-10-04 08:00:00,삼방동,9.0,25.0,0.017,0.31,0.0018,0.01,10.0,8.0
2023-05-16 07:00:00,삼방동,29.0,47.0,0.048,0.3,0.002,0.018,5.0,7.0
2023-02-13 13:00:00,삼방동,9.0,21.0,0.046,0.4,0.003,0.007,2.0,13.0
2023-02-06 16:00:00,삼방동,15.0,27.0,0.029,0.4,0.003,0.029,2.0,16.0
2023-01-15 11:00:00,삼방동,5.0,20.0,0.022,,0.003,0.007,1.0,11.0
2023-04-18 18:00:00,삼방동,12.0,45.0,0.049,0.29,0.002,0.012,4.0,18.0
2023-06-23 14:00:00,삼방동,17.0,35.0,0.092,0.37,0.0039,0.011,6.0,14.0
2023-07-29 22:00:00,삼방동,16.0,19.0,0.021,0.26,0.0018,0.009,7.0,22.0
2023-04-04 14:00:00,삼방동,15.0,37.0,0.065,0.25,0.003,0.01,4.0,14.0
,삼방동,5.0,17.0,0.032,0.25,0.0022,0.008,,
2023-05-14 03:00:00,삼방동,16.0,21.0,0.023,0.3,0.002,0.01,5.0,3.0
2023-02-05 02:00:00,삼방동,23.0,31.0,0.038,0.5,0.003,0.014,2.0,2.0
2023-08-31 09:00:00,삼방동,9.0,15.0,0.014,0.52,0.0013,0.007,8.0,9.0
2023-07-10 22:00:00,삼방동,19.0,31.0,0.054,0.47,,0.005,7.0,22.0
2023-05-09 07:00:00,삼방동,13.0,23.0,0.018,0.36,0.002,0.024,5.0,7.0
2023-04-09 07:00:00,삼방동,5.0,39.0,0.029,0.27,0.003,0.014,4.0,7.0
2023-09-24 09:00:00,삼방동,4.0,19.0,0.043,0.2,0.0013,0.005,9.0,9.0
2023-08-24 08:00:00,삼방동,3.0,15.0,0.023,0.4,0.0012,0.009,8.0,8.0
2023-07-17 03:00:00,삼방동,2.0,1.0,0.019,0.4,,0.006,7.0,3.0
2023-02-28 09:00:00,삼방동,32.0,49.0,0.006,0.9,0.004,0.052,2.0,9.0
2023-02-15 05:00:00,삼방동,4.0,9.0,0.036,0.3,0.002,0.005,2.0,5.0
2023-02-17 20:00:00,삼방동,31.0,33.0,0.003,0.6,0.003,0.046,2.0,20.0
2023-11-04 07:00:00,삼방동,14.0,19.0,0.005,0.39,0.0025,0.024,11.0,7.0
2023-06-07 20:00:00,삼방동,,,,,,,6.0,20.0
2023-08-07 22:00:00,삼방동,6.0,11.0,0.016,0.33,0.0013,0.003,8.0,22.0
2023-12-23 12:00:00,삼방동,5.0,27.0,0.0349,0.25,0.0019,0.0083,12.0,12.0
2023-07-21 13:00:00,삼방동,29.0,31.0,0.085,0.35,0.002,0.006,7.0,13.0
2023-12-20 19:00:00,삼방동,10.0,19.0,0.0332,0.31,0.0017,0.0112,12.0,19.0
2023-06-13 05:00:00,삼방동,12.0,19.0,0.038,0.27,0.0028,0.007,6.0,5.0
2023-09-10 03:00:00,삼방동,6.0,7.0,,0.22,0.0016,0.005,9.0,3.0
2023-09-15 19:00:00,삼방동,7.0,11.0,0.029,0.36,0.0017,0.013,9.0,19.0
2023-01-10 07:00:00,삼방동,38.0,69.0,0.006,0.5,0.003,0.032,1.0,7.0
2023-08-01 13:00:00,삼방동,,,0.019,0.09,0.0014,0.003,8.0,13.0
2023-10-20 11:00:00,삼방동,6.0,13.0,0.03,0.26,0.0018,0.011,10.0,11.0
2023-02-19 01:00:00,삼방동,24.0,27.0,0.002,0.8,0.003,0.028,2.0,1.0
2023-09-22 03:00:00,삼방동,10.0,17.0,0.031,0.21,0.0011,,9.0,3.0
2023-05-31 02:00:00,삼방동,5.0,15.0,0.049,0.38,0.0025,0.004,5.0,2.0
2023-10-09 12:00:00,삼방동,6.0,17.0,0.034,0.26,0.0018,0.007,10.0,12.0
2023-03-04 01:00:00,삼방동,14.0,25.0,0.034,0.4,0.003,0.019,3.0,1.0
,삼방동,4.0,5.0,0.023,0.25,0.0021,0.007,,
2023-05-22 17:00:00,삼방동,30.0,109.0,0.046,0.19,0.002,0.01,5.0,17.0
2023-02-07 21:00:00,삼방동,28.0,41.0,0.049,0.5,0.003,0.01,2.0,21.0
2023-08-22 10:00:00,삼방동,18.0,25.0,0.021,0.42,0.0036,0.011,8.0,10.0
2023-08-20 07:00:00,삼방동,20.0,23.0,0.024,0.6,0.0014,0.007,8.0,7.0
2023-09-20 19:00:00,삼방동,9.0,13.0,0.03,0.33,0.0011,0.01,9.0,19.0
2023-10-25 08:00:00,삼방동,22.0,37.0,0.006,0.53,0.0018,0.036,10.0,8.0
2023-02-13 03:00:00,삼방동,16.0,25.0,0.05,0.5,0.003,0.005,2.0,3.0
2023-12-08 15:00:00,삼방동,22.0,81.0,0.0538,0.36,0.0024,0.0119,12.0,15.0
2023-07-29 05:00:00,삼방동,15.0,29.0,0.01,0.29,0.0017,0.01,7.0,5.0
2023-10-08 11:00:00,삼방동,5.0,17.0,0.036,0.26,0.002,0.007,10.0,11.0
2023-12-28 13:00:00,삼방동,27.0,59.0,0.0504,0.41,0.0035,0.012,12.0,13.0
2023-03-24 11:00:00,삼방동,29.0,119.0,0.047,0.3,0.002,0.006,3.0,11.0
2023-02-16 20:00:00,삼방동,11.0,9.0,0.02,0.4,0.003,0.027,2.0,20.0
2023-03-03 20:00:00,삼방동,17.0,27.0,0.018,0.5,0.003,0.035,3.0,20.0
2023-03-16 18:00:00,삼방동,13.0,43.0,0.047,0.4,0.003,0.019,3.0,18.0
2023-11-07 02:00:00,삼방동,11.0,45.0,0.037,0.25,0.0021,0.007,11.0,2.0
2023-06-28 23:00:00,삼방동,7.0,17.0,0.029,0.34,0.0033,0.008,6.0,23.0
2023-10-04 07:00:00,삼방동,14.0,17.0,0.018,0.31,0.0018,0.009,10.0,7.0
2023-03-11 15:00:00,삼방동,29.0,69.0,0.074,0.5,0.003,0.016,3.0,15.0
2023-12-23 05:00:00,삼방동,5.0,17.0,0.0318,0.28,0.0021,0.0072,12.0,5.0
2023-04-30 05:00:00,삼방동,11.0,31.0,0.045,0.27,0.002,0.004,4.0,5.0
2023-06-08 14:00:00,삼방동,,,,,,,6.0,14.0
2023-10-04 19:00:00,삼방동,9.0,17.0,0.032,0.31,0.002,0.012,10.0,19.0
2023-06-30 12:00:00,삼방동,2.0,3.0,0.03,0.38,0.0032,0.013,6.0,12.0
2023-02-05 17:00:00,삼방동,14.0,17.0,0.048,0.4,0.003,0.01,2.0,17.0
2023-01-02 14:00:00,삼방동,2.0,15.0,0.031,0.2,0.002,0.005,1.0,14.0
2023-01-24 03:00:00,삼방동,33.0,,0.034,0.5,0.002,0.005,1.0,3.0
2023-02-25 11:00:00,삼방동,14.0,25.0,0.041,0.4,0.003,0.01,2.0,11.0
2023-02-03 20:00:00,삼방동,27.0,37.0,0.016,0.5,0.003,0.035,2.0,20.0
2023-12-13 23:00:00,삼방동,5.0,11.0,0.0362,0.28,0.0029,0.0101,12.0,23.0
2023-01-21 08:00:00,삼방동,6.0,,0.025,0.3,0.002,0.01,1.0,8.0
2023-12-28 14:00:00,삼방동,29.0,55.0,0.0475,0.38,0.0027,0.0131,12.0,14.0
2023-10-28 03:00:00,삼방동,11.0,15.0,0.029,0.43,0.0021,0.008,10.0,3.0
2023-10-09 06:00:00,삼방동,3.0,11.0,0.032,0.26,0.002,0.007,10.0,6.0
2023-08-12 15:00:00,삼방동,11.0,17.0,0.033,0.4,0.0015,0.004,8.0,15.0
2023-04-26 01:00:00,삼방동,13.0,17.0,0.03,0.27,0.002,0.007,4.0,1.0
2023-09-10 01:00:00,삼방동,4.0,9.0,,0.22,0.0012,0.005,9.0,1.0
2023-05-25 08:00:00,삼방동,6.0,11.0,0.024,0.46,0.0024,0.018,5.0,8.0
2023-12-12 02:00:00,삼방동,5.0,7.0,0.0385,0.27,0.0019,0.0059,12.0,2.0
2023-10-26 21:00:00,삼방동,,,,,,,10.0,21.0
2023-12-03 10:00:00,삼방동,39.0,63.0,0.0142,0.53,0.0041,0.0259,12.0,10.0
2023-01-23 11:00:00,삼방동,10.0,,0.038,0.3,0.003,0.006,1.0,11.0
,삼방동,7.0,13.0,0.025,0.47,0.0037,0.015,,
2023-08-25 18:00:00,삼방동,10.0,19.0,0.037,0.38,0.0019,0.011,8.0,18.0
2023-01-24 16:00:00,삼방동,5.0,,0.032,0.3,0.002,0.003,1.0,16.0
2023-10-07 20:00:00,삼방동,5.0,13.0,0.037,0.27,0.0027,0.008,10.0,20.0
2023-07-25 20:00:00,삼방동,9.0,7.0,0.018,0.27,0.0014,0.01,7.0,20.0
2023-05-31 21:00:00,삼방동,8.0,15.0,0.044,0.49,0.0036,0.014,5.0,21.0
2023-01-14 10:00:00,삼방동,5.0,14.0,0.032,,0.003,0.005,1.0,10.0
2023-06-09 12:00:00,삼방동,28.0,53.0,0.077,0.34,0.0029,0.011,6.0,12.0
2023-09-28 23:00:00,삼방동,14.0,25.0,0.039,0.34,0.0021,0.009,9.0,23.0
2023-05-08 13:00:00,삼방동,17.0,23.0,0.063,0.3,0.002,0.007,5.0,13.0
2023-12-27 09:00:00,삼방동,25.0,57.0,0.0039,0.63,0.0035,0.0382,12.0,9.0
2023-08-09 17:00:00,삼방동,0.0,5.0,0.015,0.41,0.001,0.004,8.0,17.0
2023-11-28 08:00:00,삼방동,17.0,51.0,0.023,0.44,0.0019,0.017,11.0,8.0
2023-11-07 23:00:00,삼방동,8.0,19.0,0.034,0.27,0.0027,0.013,11.0,23.0
2023-09-13 21:00:00,삼방동,14.0,19.0,0.053,0.38,0.001,0.008,9.0,21.0
2023-02-23 16:00:00,삼방동,25.0,29.0,0.056,0.4,0.003,0.01,2.0,16.0
2023-08-26 22:00:00,삼방동,16.0,25.0,0.029,0.32,0.0025,0.008,8.0,22.0
2023-08-11 08:00:00,삼방동,4.0,13.0,0.016,0.32,0.0014,0.011,8.0,8.0
2023-03-04 04:00:00,삼방동,25.0,35.0,0.031,0.4,0.003,0.02,3.0,4.0
2023-05-26 02:00:00,삼방동,7.0,11.0,0.038,0.38,0.0023,0.011,5.0,2.0
2023-12-16 15:00:00,삼방동,4.0,9.0,0.0388,0.27,0.002,0.0078,12.0,15.0
2023-05-06 19:00:00,삼방동,2.0,5.0,0.049,0.28,0.002,0.005,5.0,19.0
,삼방동,9.0,12.0,0.028,0.3,0.003,0.01,,
2023-12-10 21:00:00,삼방동,23.0,65.0,0.0503,0.39,0.0023,0.0081,12.0,21.0
2023-11-04 08:00:00,삼방동,18.0,35.0,0.003,0.44,0.0027,0.027,11.0,8.0
2023-10-25 05:00:00,삼방동,20.0,37.0,0.019,0.39,0.0018,0.021,10.0,5.0
2023-03-06 01:00:00,삼방동,9.0,15.0,0.032,0.4,0.003,0.014,3.0,1.0
2023-05-02 10:00:00,삼방동,18.0,47.0,0.02,0.43,0.004,0.038,5.0,10.0
2023-06-27 05:00:00,삼방동,2.0,9.0,0.022,0.28,0.0024,0.003,6.0,5.0
2023-06-25 10:00:00,삼방동,11.0,11.0,0.039,0.27,,0.012,6.0,10.0
2023-02-11 11:00:00,삼방동,37.0,43.0,0.011,0.6,0.003,0.032,2.0,11.0
2023-09-30 12:00:00,삼방동,8.0,15.0,0.04,0.3,0.0021,0.007,9.0,12.0
2023-01-18 22:00:00,삼방동,26.0,49.0,0.02,,0.003,0.019,1.0,22.0
2023-10-19 20:00:00,삼방동,16.0,33.0,0.032,0.44,0.002,0.023,10.0,20.0
2023-12-16 18:00:00,삼방동,2.0,9.0,0.0362,0.29,0.0019,0.0089,12.0,18.0
2023-08-29 16:00:00,삼방동,9.0,19.0,0.019,0.33,0.0016,0.008,8.0,16.0
2023-04-28 13:00:00,삼방동,6.0,31.0,0.067,0.25,0.002,0.008,4.0,13.0
2023-03-26 19:00:00,삼방동,19.0,67.0,0.05,0.3,0.002,0.011,3.0,19.0
2023-01-19 22:00:00,삼방동,,,0.017,,,0.025,1.0,22.0
2023-01-04 22:00:00,삼방동,14.0,26.0,0.013,0.4,0.003,0.03,1.0,22.0
2023-10-04 20:00:00,삼방동,11.0,19.0,0.032,0.32,0.002,0.011,10.0,20.0
2023-06-30 19:00:00,삼방동,4.0,9.0,0.031,0.44,0.0033,0.016,6.0,19.0
,삼방동,15.0,35.0,0.013,0.54,0.0032,0.028,,
2023-12-16 16:00:00,삼방동,6.0,11.0,0.0391,0.27,0.0019,0.0077,12.0,16.0
2023-04-01 05:00:00,삼방동,33.0,59.0,0.049,0.38,0.003,0.011,4.0,5.0
2023-08-02 19:00:00,삼방동,11.0,19.0,0.03,0.26,0.0019,0.007,8.0,19.0
2023-08-16 05:00:00,삼방동,12.0,17.0,0.012,0.37,0.0014,0.007,8.0,5.0
2023-01-21 17:00:00,삼방동,4.0,,0.034,0.4,0.002,0.007,1.0,17.0
2023-06-10 20:00:00,삼방동,12.0,23.0,0.058,0.31,0.0026,0.01,6.0,20.0
2023-07-06 20:00:00,삼방동,19.0,33.0,0.062,0.55,,0.016,7.0,20.0
2023-01-02 10:00:00,삼방동,7.0,22.0,0.028,0.3,0.003,0.008,1.0,10.0
2023-04-06 23:00:00,삼방동,,,0.042,0.44,0.002,0.006,4.0,23.0
2023-04-07 07:00:00,삼방동,,,0.044,0.36,0.002,0.009,4.0,7.0
2023-12-27 19:00:00,삼방동,18.0,45.0,0.0068,0.46,0.0025,0.0426,12.0,19.0
2023-11-11 15:00:00,삼방동,7.0,19.0,0.035,0.28,0.0021,0.011,11.0,15.0
2023-02-11 19:00:00,삼방동,27.0,35.0,0.03,0.6,0.003,0.025,2.0,19.0
2023-03-17 18:00:00,삼방동,6.0,25.0,0.044,0.3,0.002,0.012,3.0,18.0
2023-02-13 07:00:00,삼방동,11.0,15.0,0.039,0.5,0.003,0.009,2.0,7.0
2023-02-21 03:00:00,삼방동,9.0,19.0,0.031,0.4,0.003,0.009,2.0,3.0
2023-08-20 20:00:00,삼방동,8.0,11.0,0.023,0.47,0.0016,0.009,8.0,20.0
2023-07-18 13:00:00,삼방동,10.0,11.0,0.031,0.4,0.0019,0.01,7.0,13.0
2023-01-09 21:00:00,삼방동,24.0,60.0,0.042,0.4,0.003,0.01,1.0,21.0
2023-05-10 05:00:00,삼방동,22.0,39.0,0.044,0.39,0.002,0.015,5.0,5.0
2023-01-04 17:00:00,삼방동,11.0,23.0,0.029,0.3,0.003,0.009,1.0,17.0
2023-03-03 04:00:00,삼방동,13.0,27.0,0.029,0.3,0.003,0.012,3.0,4.0
2023-11-26 08:00:00,삼방동,10.0,21.0,0.013,0.37,0.0036,0.021,11.0,8.0
2023-01-31 14:00:00,삼방동,11.0,25.0,0.033,0.4,0.003,0.019,1.0,14.0
2023-11-17 05:00:00,삼방동,13.0,31.0,0.034,0.37,0.0018,0.009,11.0,5.0
2023-06-14 20:00:00,삼방동,11.0,21.0,0.061,0.36,0.0027,0.011,6.0,20.0
2023-07-20 14:00:00,삼방동,36.0,33.0,0.09,0.41,0.002,0.014,7.0,14.0
2023-09-28 20:00:00,삼방동,13.0,19.0,0.035,0.33,0.0021,0.008,9.0,20.0
2023-02-20 20:00:00,삼방동,6.0,11.0,0.037,0.3,0.002,0.009,2.0,20.0
2023-11-22 08:00:00,삼방동,40.0,59.0,0.002,1.0,0.0036,0.039,11.0,8.0
2023-01-07 06:00:00,삼방동,63.0,111.0,0.039,0.6,0.004,0.008,1.0,6.0
2023-03-26 03:00:00,삼방동,20.0,91.0,0.038,0.3,0.002,0.005,3.0,3.0
2023-04-05 08:00:00,삼방동,9.0,21.0,0.04,0.25,0.003,0.013,4.0,8.0
2023-09-30 09:00:00,삼방동,19.0,27.0,0.038,0.41,0.002,0.007,9.0,9.0
2023-08-22 07:00:00,삼방동,15.0,23.0,0.01,0.4,0.0018,0.013,8.0,7.0
,삼방동,12.0,29.0,0.014,0.5,0.004,0.018,,
2023-11-20 14:00:00,삼방동,6.0,17.0,0.038,0.3,0.0021,0.009,11.0,14.0
2023-09-17 11:00:00,삼방동,0.0,3.0,0.025,0.36,0.0018,0.013,9.0,11.0
2023-02-25 04:00:00,삼방동,18.0,25.0,0.038,0.4,0.003,0.01,2.0,4.0
2023-06-28 08:00:00,삼방동,1.0,5.0,0.041,0.38,0.0027,0.018,6.0,8.0
2023-06-05 23:00:00,삼방동,15.0,27.0,0.047,0.44,0.0027,0.011,6.0,23.0
2023-11-21 15:00:00,삼방동,22.0,35.0,0.04,0.49,0.0037,0.025,11.0,15.0
2023-08-27 11:00:00,삼방동,14.0,19.0,0.03,0.25,0.0015,0.005,8.0,11.0
2023-02-27 16:00:00,삼방동,14.0,27.0,0.05,0.4,0.003,0.02,2.0,16.0
2023-07-14 04:00:00,삼방동,0.0,11.0,0.024,0.44,,0.004,7.0,4.0
2023-07-22 13:00:00,삼방동,4.0,7.0,0.03,0.19,0.0015,0.005,7.0,13.0
2023-09-26 12:00:00,삼방동,18.0,35.0,0.01,0.4,0.0026,0.023,9.0,12.0
2023-06-24 17:00:00,삼방동,7.0,13.0,0.06,0.34,,0.018,6.0,17.0
2023-09-23 14:00:00,삼방동,3.0,11.0,0.045,0.19,0.0014,0.005,9.0,14.0
,삼방동,16.0,43.0,0.021,0.7,0.0022,0.025,,
2023-08-15 05:00:00,삼방동,9.0,17.0,0.014,0.31,0.0014,0.003,8.0,5.0
2023-01-29 11:00:00,삼방동,7.0,27.0,0.031,0.3,0.003,0.007,1.0,11.0
2023-03-01 02:00:00,삼방동,8.0,13.0,0.041,0.3,0.003,0.011,3.0,2.0
2023-01-01 18:00:00,삼방동,43.0,66.0,0.029,0.5,0.003,0.018,1.0,18.0
2023-05-20 17:00:00,삼방동,7.0,19.0,0.069,0.07,0.002,0.007,5.0,17.0
2023-08-08 12:00:00,삼방동,10.0,11.0,0.018,0.41,0.0014,0.003,8.0,12.0
2023-06-12 04:00:00,삼방동,3.0,3.0,0.021,0.21,0.0021,0.004,6.0,4.0
2023-11-29 07:00:00,삼방동,8.0,17.0,0.0168,0.37,0.0021,0.0216,11.0,7.0
2023-11-14 03:00:00,삼방동,9.0,19.0,0.026,0.3,0.0022,0.012,11.0,3.0
2023-10-12 21:00:00,삼방동,5.0,17.0,0.04,0.32,0.0018,0.013,10.0,21.0
2023-10-25 23:00:00,삼방동,19.0,31.0,0.021,0.38,0.0017,0.026,10.0,23.0
2023-05-25 03:00:00,삼방동,6.0,19.0,0.026,0.42,0.0024,0.013,5.0,3.0
2023-02-28 02:00:00,삼방동,20.0,21.0,0.036,0.5,0.003,0.02,2.0,2.0
2023-11-26 01:00:00,삼방동,10.0,29.0,0.006,0.43,0.0052,0.031,11.0,1.0
2023-03-09 09:00:00,삼방동,18.0,33.0,0.005,0.6,0.003,0.05,3.0,9.0
2023-11-14 05:00:00,삼방동,7.0,21.0,0.029,0.28,0.0021,0.01,11.0,5.0
2023-05-14 11:00:00,삼방동,14.0,23.0,0.043,0.28,0.002,0.009,5.0,11.0
2023-09-29 21:00:00,삼방동,22.0,37.0,0.049,0.45,0.0023,0.01,9.0,21.0
2023-05-11 09:00:00,삼방동,30.0,63.0,0.032,0.49,0.003,0.032,5.0,9.0
2023-02-19 13:00:00,삼방동,20.0,27.0,0.047,0.5,0.003,0.007,2.0,13.0
2023-08-22 03:00:00,삼방동,19.0,21.0,0.009,0.33,0.0016,0.011,8.0,3.0
2023-01-25 17:00:00,삼방동,6.0,15.0,0.029,0.3,0.002,0.008,1.0,17.0
2023-07-14 06:00:00,삼방동,3.0,11.0,0.02,0.43,,0.007,7.0,6.0
2023-10-23 18:00:00,삼방동,13.0,37.0,0.045,0.35,0.0019,0.022,10.0,18.0
2023-08-26 18:00:00,삼방동,10.0,25.0,0.041,0.3,0.0021,0.01,8.0,18.0
2023-06-20 15:00:00,삼방동,5.0,21.0,0.063,0.22,0.0036,0.007,6.0,15.0
2023-07-27 17:00:00,삼방동,21.0,21.0,0.018,0.23,0.0021,0.011,7.0,17.0
2023-03-06 09:00:00,삼방동,27.0,53.0,0.003,0.8,0.004,0.05,3.0,9.0
2023-09-08 01:00:00,삼방동,5.0,19.0,0.044,,0.0012,0.003,9.0,1.0
2023-09-25 18:00:00,삼방동,7.0,21.0,0.035,0.29,0.0021,0.01,9.0,18.0
2023-08-18 04:00:00,삼방동,4.0,13.0,0.006,0.24,0.0018,0.007,8.0,4.0
2023-03-18 16:00:00,삼방동,15.0,31.0,0.054,0.4,0.002,0.013,3.0,16.0
2023-10-16 21:00:00,삼방동,13.0,31.0,0.038,0.38,0.0018,0.015,10.0,21.0
2023-12-29 05:00:00,삼방동,41.0,63.0,0.0386,0.43,0.0024,0.0127,12.0,5.0
2023-07-11 18:00:00,삼방동,1.0,5.0,0.04,0.43,,0.008,7.0,18.0
2023-04-25 16:00:00,삼방동,5.0,7.0,0.045,0.25,0.002,0.009,4.0,16.0
2023-07-04 06:00:00,삼방동,4.0,11.0,0.025,0.35,,0.011,7.0,6.0
2023-12-07 06:00:00,삼방동,5.0,29.0,0.0344,0.27,0.0019,0.0083,12.0,6.0
2023-02-17 18:00:00,삼방동,31.0,41.0,0.005,0.6,0.003,0.047,2.0,18.0
2023-03-18 09:00:00,삼방동,8.0,27.0,0.035,0.4,0.002,0.012,3.0,9.0
2023-12-21 02:00:00,삼방동,6.0,13.0,0.0322,0.27,0.002,0.0074,12.0,2.0
2023-05-18 08:00:00,삼방동,17.0,39.0,0.034,0.23,0.002,0.016,5.0,8.0
2023-03-31 10:00:00,삼방동,36.0,81.0,0.037,0.42,0.003,0.036,3.0,10.0
2023-05-05 16:00:00,삼방동,14.0,31.0,0.047,0.22,0.002,0.004,5.0,16.0
2023-02-15 11:00:00,삼방동,4.0,9.0,0.035,0.3,0.002,0.008,2.0,11.0
2023-03-31 09:00:00,삼방동,44.0,95.0,0.013,0.57,0.004,0.057,3.0,9.0
2023-05-06 04:00:00,삼방동,0.0,1.0,0.036,0.21,0.002,0.004,5.0,4.0
2023-05-11 23:00:00,삼방동,7.0,21.0,0.045,0.27,0.003,0.013,5.0,23.0
2023-11-12 20:00:00,삼방동,7.0,13.0,0.033,0.29,0.0018,0.01,11.0,20.0
2023-12-16 01:00:00,삼방동,6.0,9.0,0.0148,0.46,0.0022,0.0168,12.0,1.0
2023-10-26 10:00:00,삼방동,,,0.011,0.51,0.0023,0.045,10.0,10.0
2023-06-25 05:00:00,삼방동,7.0,11.0,0.02,0.33,,0.012,6.0,5.0
2023-02-25 15:00:00,삼방동,12.0,25.0,0.05,0.3,0.003,0.008,2.0,15.0
2023-08-26 11:00:00,삼방동,10.0,29.0,0.028,0.37,0.002,0.009,8.0,11.0
2023-12-05 01:00:00,삼방동,18.0,29.0,0.0061,0.6,0.0032,0.0341,12.0,1.0
2023-08-17 13:00:00,삼방동,19.0,35.0,0.02,0.3,0.0018,0.011,8.0,13.0
2023-05-23 15:00:00,삼방동,15.0,79.0,0.065,0.38,0.0025,0.012,5.0,15.0
2023-05-02 04:00:00,삼방동,11.0,23.0,0.035,0.32,0.002,0.012,5.0,4.0
2023-03-16 19:00:00,삼방동,13.0,45.0,0.044,0.4,0.002,0.018,3.0,19.0
2023-03-25 01:00:00,삼방동,18.0,79.0,0.045,0.2,0.002,0.005,3.0,1.0
2023-01-15 18:00:00,삼방동,4.0,12.0,0.019,,0.003,0.008,1.0,18.0
2023-11-23 22:00:00,삼방동,26.0,85.0,0.052,0.45,0.0024,0.01,11.0,22.0
2023-03-06 10:00:00,삼방동,33.0,53.0,0.006,0.7,0.005,0.049,3.0,10.0
2023-11-11 23:00:00,삼방동,8.0,13.0,0.027,0.29,0.0019,0.011,11.0,23.0
2023-06-13 21:00:00,삼방동,5.0,13.0,0.031,0.27,0.0028,0.011,6.0,21.0
2023-01-13 17:00:00,삼방동,4.0,15.0,0.028,,0.003,0.008,1.0,17.0
2023-01-08 18:00:00,삼방동,19.0,47.0,0.015,0.4,0.003,0.028,1.0,18.0
2023-02-13 15:00:00,삼방동,11.0,29.0,0.045,0.4,0.003,0.008,2.0,15.0
2023-08-19 08:00:00,삼방동,12.0,21.0,0.016,0.42,0.0014,0.01,8.0,8.0
2023-11-17 06:00:00,삼방동,15.0,27.0,0.03,0.38,0.0018,0.01,11.0,6.0
2023-05-30 17:00:00,삼방동,2.0,7.0,0.041,0.35,0.0022,0.006,5.0,17.0
2023-05-21 18:00:00,삼방동,8.0,21.0,0.072,0.15,0.003,0.011,5.0,18.0
2023-12-26 12:00:00,삼방동,17.0,35.0,0.0341,0.35,0.0022,0.0105,12.0,12.0
2023-04-23 05:00:00,삼방동,16.0,95.0,0.051,0.21,0.002,0.004,4.0,5.0
2023-10-14 08:00:00,삼방동,13.0,29.0,0.009,0.36,0.0019,0.029,10.0,8.0
2023-06-22 12:00:00,삼방동,8.0,15.0,0.054,0.27,0.0024,0.005,6.0,12.0
2023-10-10 19:00:00,삼방동,7.0,17.0,0.035,0.31,0.0022,0.01,10.0,19.0
2023-04-05 21:00:00,삼방동,5.0,9.0,0.037,0.25,0.002,0.01,4.0,21.0
2023-03-09 11:00:00,삼방동,14.0,25.0,0.026,0.3,0.003,0.028,3.0,11.0
2023-04-24 17:00:00,삼방동,8.0,27.0,0.055,0.24,0.003,0.007,4.0,17.0
2023-12-27 23:00:00,삼방동,19.0,39.0,0.0081,0.49,0.0024,0.0367,12.0,23.0
2023-04-19 14:00:00,삼방동,16.0,33.0,0.045,0.45,0.003,0.011,4.0,14.0
2023-03-30 04:00:00,삼방동,55.0,111.0,0.05,0.5,0.003,0.017,3.0,4.0
,삼방동,8.0,19.0,0.031,0.3,0.003,0.007,,
2023-10-07 03:00:00,삼방동,14.0,31.0,0.035,0.33,0.0022,0.011,10.0,3.0
2023-09-06 05:00:00,삼방동,7.0,15.0,,0.14,0.0013,0.005,9.0,5.0
2023-04-22 21:00:00,삼방동,37.0,269.0,0.05,0.21,0.002,0.004,4.0,21.0
2023-06-18 12:00:00,삼방동,13.0,27.0,0.077,0.35,0.0039,0.006,6.0,12.0
2023-04-05 11:00:00,삼방동,7.0,15.0,0.042,0.22,0.002,0.01,4.0,11.0
2023-07-02 16:00:00,삼방동,11.0,23.0,0.075,0.58,,0.007,7.0,16.0
2023-05-30 15:00:00,삼방동,2.0,3.0,0.041,0.37,0.0023,0.007,5.0,15.0
2023-03-01 14:00:00,삼방동,15.0,23.0,0.033,0.5,0.004,0.023,3.0,14.0
2023-05-30 03:00:00,삼방동,4.0,7.0,0.037,0.44,0.0024,0.007,5.0,3.0
2023-03-01 17:00:00,삼방동,12.0,17.0,0.047,0.3,0.003,0.012,3.0,17.0
2023-11-04 10:00:00,삼방동,23.0,47.0,0.008,0.43,0.0028,0.031,11.0,10.0
2023-07-28 23:00:00,삼방동,23.0,23.0,0.018,0.26,0.002,0.012,7.0,23.0
2023-04-18 05:00:00,삼방동,19.0,75.0,0.041,0.3,0.003,0.015,4.0,5.0
2023-02-01 21:00:00,삼방동,17.0,39.0,0.043,0.4,0.003,0.01,2.0,21.0
2023-05-12 10:00:00,삼방동,12.0,41.0,0.025,0.34,0.003,0.035,5.0,10.0
2023-08-15 07:00:00,삼방동,7.0,13.0,0.014,0.28,0.0013,0.004,8.0,7.0
2023-01-11 06:00:00,삼방동,17.0,34.0,0.004,0.5,0.004,0.029,1.0,6.0
2023-09-28 12:00:00,삼방동,5.0,13.0,0.041,0.29,0.002,0.007,9.0,12.0
2023-12-28 01:00:00,삼방동,23.0,43.0,0.0032,0.62,0.0037,0.0421,12.0,1.0
2023-07-16 03:00:00,삼방동,3.0,13.0,0.036,0.5,,0.004,7.0,3.0
2023-04-30 07:00:00,삼방동,9.0,19.0,0.038,0.29,0.002,0.008,4.0,7.0
2023-10-29 13:00:00,삼방동,9.0,25.0,0.05,0.44,0.0026,0.008,10.0,13.0
2023-04-08 10:00:00,삼방동,6.0,25.0,0.045,0.26,0.003,0.009,4.0,10.0
2023-09-24 18:00:00,삼방동,5.0,15.0,0.042,0.2,0.0012,0.005,9.0,18.0
2023-04-05 18:00:00,삼방동,6.0,9.0,0.044,0.22,0.002,0.008,4.0,18.0
2023-09-13 02:00:00,삼방동,16.0,19.0,0.033,0.34,0.0011,0.008,9.0,2.0
2023-02-18 05:00:00,삼방동,29.0,29.0,0.003,0.6,0.003,0.033,2.0,5.0
2023-09-26 21:00:00,삼방동,14.0,29.0,0.015,0.42,0.0022,0.018,9.0,21.0
2023-12-31 18:00:00,삼방동,4.0,9.0,0.0435,0.44,0.0018,0.01,12.0,18.0
2023-11-12 22:00:00,삼방동,7.0,15.0,0.032,0.3,0.0017,0.009,11.0,22.0
2023-03-23 19:00:00,삼방동,6.0,17.0,0.021,0.4,0.002,0.02,3.0,19.0
2023-04-09 22:00:00,삼방동,9.0,45.0,0.044,0.29,0.002,0.013,4.0,22.0
2023-07-13 04:00:00,삼방동,4.0,19.0,0.033,0.43,,0.004,7.0,4.0
2023-10-18 08:00:00,삼방동,12.0,25.0,0.012,0.43,0.0019,0.03,10.0,8.0
2023-10-31 20:00:00,삼방동,19.0,35.0,0.039,0.57,0.0029,0.023,10.0,20.0
2023-10-28 05:00:00,삼방동,16.0,31.0,0.018,0.48,0.0023,0.015,10.0,5.0
2023-10-24 01:00:00,삼방동,11.0,27.0,0.028,0.35,0.0017,0.016,10.0,1.0
2023-08-03 20:00:00,삼방동,6.0,17.0,0.02,0.2,0.0024,0.009,8.0,20.0
2023-06-08 08:00:00,삼방동,,,,,,,6.0,8.0
2023-05-07 16:00:00,삼방동,8.0,13.0,0.051,0.25,0.002,0.004,5.0,16.0
2023-10-31 06:00:00,삼방동,23.0,47.0,0.013,0.58,0.0025,0.024,10.0,6.0
2023-04-13 18:00:00,삼방동,16.0,93.0,0.048,0.25,0.003,0.017,4.0,18.0
2023-02-04 13:00:00,삼방동,19.0,35.0,0.045,0.4,0.003,0.009,2.0,13.0
2023-04-18 19:00:00,삼방동,14.0,47.0,0.037,0.34,0.002,0.019,4.0,19.0
2023-01-10 18:00:00,삼방동,8.0,33.0,0.015,0.3,0.003,0.028,1.0,18.0
2023-08-28 08:00:00,삼방동,7.0,15.0,0.022,0.25,0.0012,0.004,8.0,8.0
2023-03-14 01:00:00,삼방동,11.0,19.0,0.03,0.4,0.002,0.014,3.0,1.0
2023-03-09 16:00:00,삼방동,9.0,25.0,0.047,0.3,0.002,0.011,3.0,16.0
2023-10-27 22:00:00,삼방동,7.0,23.0,0.038,0.41,0.0021,0.007,10.0,22.0
2023-07-12 07:00:00,삼방동,3.0,5.0,0.023,0.43,,0.018,7.0,7.0
2023-03-06 23:00:00,삼방동,22.0,27.0,0.049,0.5,0.003,0.018,3.0,23.0
2023-11-25 19:00:00,삼방동,7.0,21.0,0.022,0.35,0.0019,0.02,11.0,19.0
2023-10-14 13:00:00,삼방동,14.0,31.0,0.056,0.41,0.0026,0.014,10.0,13.0
2023-09-05 15:00:00,삼방동,5.0,21.0,,0.14,0.0017,0.004,9.0,15.0
2023-12-24 05:00:00,삼방동,12.0,23.0,0.011,0.43,0.0039,0.024,12.0,5.0
2023-05-23 03:00:00,삼방동,26.0,125.0,0.037,0.18,0.002,0.007,5.0,3.0
2023-10-26 20:00:00,삼방동,,,,,,,10.0,20.0
2023-07-15 22:00:00,삼방동,3.0,9.0,0.03,0.48,,0.003,7.0,22.0
2023-12-29 08:00:00,삼방동,40.0,61.0,0.02,0.51,0.0025,0.0265,12.0,8.0
2023-08-28 05:00:00,삼방동,7.0,15.0,0.024,0.23,0.0012,0.003,8.0,5.0
2023-09-25 12:00:00,삼방동,6.0,25.0,0.045,0.25,0.0024,0.007,9.0,12.0
2023-11-17 02:00:00,삼방동,15.0,17.0,0.033,0.38,0.0018,0.01,11.0,2.0
2023-07-09 19:00:00,삼방동,10.0,19.0,0.05,0.46,,0.009,7.0,19.0
2023-04-18 07:00:00,삼방동,17.0,73.0,0.039,0.29,0.003,0.018,4.0,7.0
2023-01-01 20:00:00,삼방동,29.0,41.0,0.028,0.4,0.003,0.014,1.0,20.0
2023-02-19 08:00:00,삼방동,19.0,23.0,0.023,0.5,0.003,0.009,2.0,8.0
2023-06-26 16:00:00,삼방동,6.0,13.0,0.021,0.23,0.0027,0.014,6.0,16.0
2023-11-07 05:00:00,삼방동,13.0,29.0,0.038,0.25,0.0021,0.007,11.0,5.0
2023-05-31 15:00:00,삼방동,5.0,17.0,0.073,0.39,0.003,0.008,5.0,15.0
2023-02-14 21:00:00,삼방동,9.0,11.0,0.036,0.4,0.002,0.008,2.0,21.0
2023-09-27 07:00:00,삼방동,11.0,19.0,0.011,0.45,0.002,0.013,9.0,7.0
2023-01-14 08:00:00,삼방동,5.0,16.0,0.026,,0.003,0.005,1.0,8.0
2023-12-10 04:00:00,삼방동,18.0,35.0,0.0105,0.52,0.0022,0.0252,12.0,4.0
2023-08-20 16:00:00,삼방동,9.0,11.0,0.032,0.51,0.0017,0.005,8.0,16.0
2023-07-19 06:00:00,삼방동,3.0,3.0,0.015,0.34,0.0014,0.006,7.0,6.0
2023-07-20 04:00:00,삼방동,18.0,17.0,0.008,0.28,0.0019,0.018,7.0,4.0
2023-08-06 13:00:00,삼방동,2.0,3.0,0.018,0.26,0.0015,0.002,8.0,13.0
2023-03-24 14:00:00,삼방동,28.0,133.0,0.047,0.3,0.002,0.007,3.0,14.0
2023-04-11 05:00:00,삼방동,4.0,21.0,0.046,0.23,0.002,0.008,4.0,5.0
2023-07-07 16:00:00,삼방동,7.0,7.0,0.055,0.36,,0.009,7.0,16.0
2023-03-30 13:00:00,삼방동,49.0,109.0,0.065,0.44,0.003,0.026,3.0,13.0
2023-06-14 09:00:00,삼방동,14.0,25.0,0.021,0.34,0.0031,0.016,6.0,9.0
2023-10-21 07:00:00,삼방동,4.0,21.0,0.024,0.32,0.0018,0.013,10.0,7.0
,삼방동,7.0,21.0,0.0249,0.31,0.0033,0.0144,,
2023-02-08 16:00:00,삼방동,12.0,25.0,0.052,0.3,0.003,0.007,2.0,16.0
2023-09-11 09:00:00,삼방동,12.0,23.0,,0.34,0.0016,0.014,9.0,9.0
2023-04-09 06:00:00,삼방동,5.0,43.0,0.037,0.24,0.002,0.007,4.0,6.0
2023-05-11 14:00:00,삼방동,13.0,33.0,0.084,0.26,0.002,0.008,5.0,14.0
2023-07-15 01:00:00,삼방동,4.0,13.0,0.028,0.42,,0.002,7.0,1.0
2023-01-08 02:00:00,삼방동,30.0,52.0,0.026,0.4,0.003,0.014,1.0,2.0
2023-11-27 23:00:00,삼방동,16.0,33.0,0.036,0.42,0.002,0.013,11.0,23.0
2023-05-13 18:00:00,삼방동,11.0,19.0,0.056,0.25,0.002,0.007,5.0,18.0
2023-03-21 02:00:00,삼방동,12.0,27.0,0.046,0.4,0.002,0.013,3.0,2.0
2023-05-19 22:00:00,삼방동,8.0,23.0,0.055,0.11,0.002,0.004,5.0,22.0
2023-01-20 06:00:00,삼방동,,,0.016,,,0.026,1.0,6.0
2023-10-14 01:00:00,삼방동,8.0,11.0,0.032,0.33,0.0019,0.012,10.0,1.0
2023-05-14 04:00:00,삼방동,13.0,25.0,0.019,0.3,0.002,0.01,5.0,4.0
2023-03-08 03:00:00,삼방동,17.0,29.0,0.045,0.4,0.002,0.015,3.0,3.0
2023-06-01 01:00:00,삼방동,10.0,11.0,0.032,0.44,0.0028,0.01,6.0,1.0
2023-02-25 01:00:00,삼방동,24.0,23.0,0.037,0.4,0.003,0.014,2.0,1.0
2023-01-01 09:00:00,삼방동,30.0,46.0,0.016,0.5,0.003,0.025,1.0,9.0
2023-04-06 12:00:00,삼방동,,,,,,,4.0,12.0
2023-01-05 04:00:00,삼방동,16.0,29.0,0.022,0.3,0.004,0.013,1.0,4.0
2023-08-26 13:00:00,삼방동,23.0,41.0,0.044,0.36,0.0019,0.01,8.0,13.0
2023-05-26 03:00:00,삼방동,6.0,13.0,0.038,0.38,0.0023,0.01,5.0,3.0
,삼방동,11.0,15.0,0.036,0.4,0.002,0.011,,
2023-10-15 21:00:00,삼방동,8.0,15.0,0.038,0.38,0.0017,0.013,10.0,21.0
2023-09-02 10:00:00,삼방동,7.0,15.0,0.012,0.34,0.0015,0.011,9.0,10.0
2023-10-23 21:00:00,삼방동,12.0,27.0,0.029,0.38,0.0017,0.023,10.0,21.0
2023-02-17 12:00:00,삼방동,29.0,37.0,0.008,0.5,0.003,0.04,2.0,12.0
2023-01-22 06:00:00,삼방동,14.0,,0.013,0.4,0.005,0.02,1.0,6.0
2023-04-18 21:00:00,삼방동,14.0,45.0,0.033,0.32,0.002,0.014,4.0,21.0
2023-10-13 15:00:00,삼방동,10.0,27.0,0.07,0.35,0.0034,0.013,10.0,15.0
,삼방동,7.0,19.0,0.019,0.4,0.002,0.025,,
2023-03-04 22:00:00,삼방동,16.0,33.0,0.058,0.4,0.003,0.008,3.0,22.0
2023-10-16 22:00:00,삼방동,10.0,33.0,0.037,0.38,0.0017,0.014,10.0,22.0
2023-05-28 16:00:00,삼방동,1.0,9.0,0.028,0.37,0.0023,0.011,5.0,16.0
2023-01-27 14:00:00,삼방동,13.0,31.0,0.033,0.4,0.003,0.006,1.0,14.0
2023-03-31 22:00:00,삼방동,30.0,67.0,0.062,0.39,0.003,0.015,3.0,22.0
2023-04-29 09:00:00,삼방동,3.0,9.0,0.049,0.23,0.002,0.007,4.0,9.0
2023-05-28 02:00:00,삼방동,7.0,19.0,0.033,0.36,0.003,0.011,5.0,2.0
2023-10-19 11:00:00,삼방동,23.0,57.0,0.014,0.42,0.0025,0.044,10.0,11.0
2023-11-18 07:00:00,삼방동,7.0,13.0,0.021,0.31,0.0017,0.009,11.0,7.0
2023-08-25 02:00:00,삼방동,4.0,9.0,0.027,0.39,0.0012,0.004,8.0,2.0
2023-10-10 05:00:00,삼방동,12.0,17.0,0.018,0.28,0.0019,0.008,10.0,5.0
2023-09-14 12:00:00,삼방동,7.0,5.0,0.049,0.32,0.0009,0.007,9.0,12.0
2023-09-25 10:00:00,삼방동,,,0.036,0.22,0.0015,0.007,9.0,10.0
2023-04-24 18:00:00,삼방동,7.0,33.0,0.054,0.25,0.003,0.008,4.0,18.0
2023-12-02 07:00:00,삼방동,9.0,17.0,0.0279,0.32,0.0019,0.0121,12.0,7.0
,삼방동,24.0,33.0,0.021,0.4,0.002,0.022,,
2023-09-02 08:00:00,삼방동,3.0,11.0,0.009,0.28,0.0014,0.008,9.0,8.0
2023-07-19 04:00:00,삼방동,2.0,5.0,0.02,0.34,0.0014,0.004,7.0,4.0
2023-12-24 06:00:00,삼방동,10.0,31.0,0.0084,0.42,0.0038,0.0254,12.0,6.0
2023-07-04 01:00:00,삼방동,7.0,5.0,0.037,0.37,,0.006,7.0,1.0
2023-09-13 06:00:00,삼방동,12.0,17.0,0.033,0.31,0.001,0.008,9.0,6.0
2023-11-06 20:00:00,삼방동,8.0,23.0,0.039,0.3,0.0022,0.009,11.0,20.0
2023-05-01 04:00:00,삼방동,10.0,37.0,0.05,0.3,0.003,0.007,5.0,4.0
2023-02-16 12:00:00,삼방동,9.0,15.0,0.029,0.4,0.003,0.018,2.0,12.0
2023-12-12 17:00:00,삼방동,5.0,9.0,0.0307,0.34,0.002,0.0093,12.0,17.0
2023-08-18 21:00:00,삼방동,9.0,15.0,0.02,0.32,0.0017,0.006,8.0,21.0
2023-09-27 17:00:00,삼방동,8.0,15.0,0.041,0.42,0.0023,0.014,9.0,17.0
2023-10-13 23:00:00,삼방동,7.0,17.0,0.032,0.33,0.0021,0.014,10.0,23.0
2023-06-21 22:00:00,삼방동,4.0,13.0,0.031,0.33,0.0026,0.012,6.0,22.0
2023-04-01 14:00:00,삼방동,30.0,61.0,0.098,0.39,0.004,0.008,4.0,14.0
2023-11-16 05:00:00,삼방동,27.0,41.0,0.007,0.47,0.0032,0.029,11.0,5.0
2023-03-03 09:00:00,삼방동,12.0,31.0,0.034,0.3,0.003,0.012,3.0,9.0
2023-04-22 10:00:00,삼방동,37.0,243.0,0.051,0.23,0.003,0.007,4.0,10.0
2023-04-02 08:00:00,삼방동,19.0,33.0,0.061,0.27,0.002,0.005,4.0,8.0
2023-08-01 10:00:00,삼방동,,,0.018,0.15,0.0018,0.003,8.0,10.0
2023-01-20 10:00:00,삼방동,,,0.028,,,0.013,1.0,10.0
2023-03-18 12:00:00,삼방동,14.0,37.0,0.034,0.4,0.002,0.018,3.0,12.0
2023-01-13 04:00:00,삼방동,2.0,21.0,0.03,0.3,0.004,0.007,1.0,4.0
2023-12-29 21:00:00,삼방동,38.0,63.0,0.0217,0.56,0.0023,0.0307,12.0,21.0
2023-07-22 08:00:00,삼방동,27.0,25.0,0.022,0.31,0.0024,0.013,7.0,8.0
2023-06-24 15:00:00,삼방동,8.0,25.0,0.082,0.35,,0.015,6.0,15.0
2023-06-09 04:00:00,삼방동,7.0,15.0,0.039,0.3,0.002,0.005,6.0,4.0
2023-02-14 23:00:00,삼방동,5.0,9.0,0.036,0.3,0.002,0.006,2.0,23.0
2023-08-04 03:00:00,삼방동,6.0,13.0,0.011,0.27,0.0017,0.009,8.0,3.0
2023-07-30 06:00:00,삼방동,9.0,17.0,0.017,0.23,0.0015,0.005,7.0,6.0
2023-11-04 05:00:00,삼방동,16.0,23.0,0.012,0.34,0.0023,0.018,11.0,5.0
2023-07-17 18:00:00,삼방동,16.0,15.0,0.032,0.35,0.0018,0.009,7.0,18.0
2023-03-14 13:00:00,삼방동,13.0,53.0,0.047,0.4,0.003,0.015,3.0,13.0
2023-04-26 12:00:00,삼방동,20.0,41.0,0.062,0.29,0.003,0.007,4.0,12.0
2023-09-13 15:00:00,삼방동,10.0,11.0,0.053,0.31,0.0011,0.007,9.0,15.0
2023-09-03 17:00:00,삼방동,7.0,17.0,0.022,0.33,0.0018,0.005,9.0,17.0
2023-10-10 01:00:00,삼방동,11.0,19.0,0.015,0.32,0.0017,0.01,10.0,1.0
2023-09-22 20:00:00,삼방동,5.0,19.0,0.037,0.24,0.0039,0.01,9.0,20.0
2023-08-08 15:00:00,삼방동,6.0,13.0,0.02,0.37,0.0015,0.003,8.0,15.0
2023-02-12 10:00:00,삼방동,34.0,35.0,0.017,0.6,0.003,0.021,2.0,10.0
2023-08-25 09:00:00,삼방동,10.0,17.0,0.018,0.49,0.0016,0.012,8.0,9.0
2023-07-30 19:00:00,삼방동,12.0,19.0,0.02,0.12,0.0038,0.004,7.0,19.0
2023-03-16 15:00:00,삼방동,4.0,17.0,0.049,0.3,0.002,0.008,3.0,15.0
2023-12-19 13:00:00,삼방동,9.0,23.0,0.0293,0.26,0.0019,0.0123,12.0,13.0
2023-07-03 20:00:00,삼방동,10.0,15.0,0.046,0.43,,0.009,7.0,20.0
2023-05-05 22:00:00,삼방동,8.0,31.0,0.043,0.22,0.002,0.005,5.0,22.0
2023-03-14 20:00:00,삼방동,11.0,43.0,0.039,0.4,0.002,0.02,3.0,20.0
2023-12-28 16:00:00,삼방동,27.0,53.0,0.0481,0.34,0.0022,0.0126,12.0,16.0
2023-03-09 19:00:00,삼방동,16.0,29.0,0.038,0.3,0.002,0.021,3.0,19.0
2023-07-20 19:00:00,삼방동,18.0,25.0,0.039,0.34,0.002,0.02,7.0,19.0
2023-08-05 03:00:00,삼방동,5.0,11.0,0.015,0.31,0.0016,0.006,8.0,3.0
2023-03-21 21:00:00,삼방동,,,0.048,0.3,0.002,0.01,3.0,21.0
2023-02-01 23:00:00,삼방동,14.0,37.0,0.04,0.4,0.003,0.01,2.0,23.0
2023-11-01 15:00:00,삼방동,20.0,39.0,0.076,0.44,0.0042,0.013,11.0,15.0
2023-10-12 06:00:00,삼방동,11.0,21.0,0.013,0.34,0.002,0.023,10.0,6.0
2023-10-13 07:00:00,삼방동,17.0,27.0,0.01,0.37,0.002,0.028,10.0,7.0
2023-04-06 08:00:00,삼방동,20.0,31.0,0.038,0.5,0.002,0.013,4.0,8.0
2023-05-06 20:00:00,삼방동,4.0,7.0,0.048,0.3,0.002,0.005,5.0,20.0
2023-08-06 17:00:00,삼방동,0.0,3.0,0.022,0.22,0.0028,0.003,8.0,17.0
2023-08-28 13:00:00,삼방동,6.0,17.0,0.026,0.26,0.0016,0.005,8.0,13.0
2023-01-28 17:00:00,삼방동,9.0,23.0,0.029,0.4,0.003,0.008,1.0,17.0
2023-10-22 23:00:00,삼방동,7.0,15.0,0.019,0.35,0.0019,0.017,10.0,23.0
2023-03-05 01:00:00,삼방동,14.0,25.0,0.045,0.4,0.003,0.014,3.0,1.0
,삼방동,41.0,285.0,0.048,0.21,0.002,0.005,,
2023-03-07 16:00:00,삼방동,18.0,45.0,0.076,0.4,0.002,0.01,3.0,16.0
2023-06-25 18:00:00,삼방동,6.0,11.0,0.036,0.33,,0.02,6.0,18.0
2023-12-26 19:00:00,삼방동,20.0,47.0,0.0039,0.56,0.0024,0.0385,12.0,19.0
2023-12-27 22:00:00,삼방동,21.0,43.0,0.0062,0.5,0.0027,0.0392,12.0,22.0
2023-06-14 13:00:00,삼방동,17.0,35.0,0.069,0.3,0.0033,0.012,6.0,13.0
2023-06-10 23:00:00,삼방동,12.0,27.0,0.055,0.34,0.0032,0.007,6.0,23.0
2023-10-24 20:00:00,삼방동,14.0,27.0,0.026,0.39,0.0017,0.026,10.0,20.0
2023-01-21 04:00:00,삼방동,7.0,,0.027,0.4,0.002,0.008,1.0,4.0
2023-08-02 07:00:00,삼방동,5.0,13.0,0.012,0.24,0.0019,0.008,8.0,7.0
2023-05-05 17:00:00,삼방동,11.0,31.0,0.046,0.22,0.002,0.005,5.0,17.0
2023-08-01 20:00:00,삼방동,2.0,7.0,0.016,0.1,0.0015,0.005,8.0,20.0
2023-01-20 02:00:00,삼방동,,,0.023,,,0.016,1.0,2.0
2023-06-28 02:00:00,삼방동,0.0,1.0,0.044,0.33,0.0026,0.006,6.0,2.0
2023-09-16 13:00:00,삼방동,6.0,9.0,0.02,0.39,0.0018,0.016,9.0,13.0
2023-07-12 19:00:00,삼방동,10.0,19.0,0.04,0.47,,0.01,7.0,19.0
2023-12-31 15:00:00,삼방동,8.0,15.0,0.0436,0.45,0.0019,0.0092,12.0,15.0
2023-03-11 10:00:00,삼방동,52.0,73.0,0.013,0.7,0.002,0.042,3.0,10.0
2023-01-14 19:00:00,삼방동,7.0,19.0,0.043,,0.003,0.004,1.0,19.0
2023-03-28 20:00:00,삼방동,14.0,35.0,0.052,0.29,0.003,0.018,3.0,20.0
2023-10-09 03:00:00,삼방동,2.0,11.0,0.033,0.24,0.0017,0.006,10.0,3.0
2023-06-16 08:00:00,삼방동,29.0,41.0,0.051,0.47,0.0028,0.008,6.0,8.0
2023-07-24 19:00:00,삼방동,1.0,5.0,0.019,0.37,0.0014,0.011,7.0,19.0
2023-10-28 18:00:00,삼방동,13.0,33.0,0.057,0.48,0.0028,0.016,10.0,18.0
2023-10-21 02:00:00,삼방동,5.0,21.0,0.029,0.29,0.0017,0.008,10.0,2.0
2023-11-19 21:00:00,삼방동,12.0,25.0,0.028,0.43,0.0022,0.02,11.0,21.0
2023-06-30 09:00:00,삼방동,6.0,9.0,0.037,0.41,0.0032,0.014,6.0,9.0
2023-03-14 02:00:00,삼방동,8.0,21.0,0.029,0.3,0.002,0.012,3.0,2.0
2023-04-16 15:00:00,삼방동,20.0,83.0,0.059,0.29,0.002,0.008,4.0,15.0
2023-07-26 12:00:00,삼방동,23.0,21.0,0.021,0.29,0.0038,0.007,7.0,12.0
2023-09-09 21:00:00,삼방동,5.0,11.0,,0.23,0.0019,0.007,9.0,21.0
2023-02-14 20:00:00,삼방동,7.0,9.0,0.036,0.4,0.003,0.009,2.0,20.0
2023-05-25 18:00:00,삼방동,1.0,19.0,0.048,0.35,0.0022,0.01,5.0,18.0
2023-10-07 23:00:00,삼방동,3.0,13.0,0.035,0.27,0.0027,0.008,10.0,23.0
2023-11-07 01:00:00,삼방동,11.0,39.0,0.036,0.26,0.0021,0.007,11.0,1.0
2023-07-11 01:00:00,삼방동,13.0,25.0,0.037,0.46,,0.009,7.0,1.0
2023-11-14 11:00:00,삼방동,,,,,,,11.0,11.0
2023-03-14 05:00:00,삼방동,17.0,27.0,0.01,0.4,0.003,0.028,3.0,5.0
2023-12-14 18:00:00,삼방동,16.0,19.0,0.0023,0.52,0.0024,0.0382,12.0,18.0
2023-11-15 08:00:00,삼방동,14.0,31.0,0.007,0.46,0.0024,0.032,11.0,8.0
2023-06-22 02:00:00,삼방동,7.0,17.0,0.021,0.33,0.0026,0.007,6.0,2.0
2023-04-03 08:00:00,삼방동,11.0,27.0,0.055,0.24,0.002,0.006,4.0,8.0
2023-07-30 01:00:00,삼방동,12.0,21.0,0.023,0.22,0.0016,0.006,7.0,1.0
2023-12-10 11:00:00,삼방동,28.0,53.0,0.0219,0.56,0.003,0.0268,12.0,11.0
2023-09-29 19:00:00,삼방동,23.0,37.0,0.063,0.42,0.0025,0.01,9.0,19.0
2023-05-08 16:00:00,삼방동,8.0,19.0,0.062,0.25,0.002,0.006,5.0,16.0
2023-11-06 09:00:00,삼방동,2.0,13.0,0.032,0.24,0.002,0.009,11.0,9.0
2023-07-12 01:00:00,삼방동,4.0,13.0,0.025,0.36,,0.007,7.0,1.0
2023-04-18 02:00:00,삼방동,20.0,65.0,0.04,0.3,0.002,0.01,4.0,2.0
2023-03-23 11:00:00,삼방동,,,0.012,0.4,0.002,0.031,3.0,11.0
2023-06-16 21:00:00,삼방동,15.0,27.0,0.067,0.41,0.0037,0.014,6.0,21.0
2023-09-13 11:00:00,삼방동,14.0,21.0,0.054,0.35,0.0011,0.013,9.0,11.0
2023-03-20 06:00:00,삼방동,21.0,29.0,0.04,0.5,0.002,0.018,3.0,6.0
2023-08-06 07:00:00,삼방동,2.0,9.0,0.016,0.29,0.0023,0.003,8.0,7.0
2023-12-24 19:00:00,삼방동,20.0,33.0,0.0264,0.41,0.0021,0.0178,12.0,19.0
2023-01-23 13:00:00,삼방동,13.0,,0.045,0.3,0.002,0.005,1.0,13.0
2023-01-26 02:00:00,삼방동,8.0,11.0,0.025,0.3,0.003,0.011,1.0,2.0
2023-03-21 20:00:00,삼방동,,,0.05,0.3,0.002,0.011,3.0,20.0
2023-07-11 10:00:00,삼방동,9.0,17.0,0.045,0.52,,0.01,7.0,10.0
2023-10-22 17:00:00,삼방동,4.0,13.0,0.03,0.29,0.0016,0.011,10.0,17.0
2023-01-28 21:00:00,삼방동,12.0,19.0,0.025,0.4,0.002,0.011,1.0,21.0
2023-09-22 02:00:00,삼방동,3.0,11.0,0.037,0.2,0.001,,9.0,2.0
2023-11-24 15:00:00,삼방동,3.0,17.0,0.039,0.27,0.0019,0.008,11.0,15.0
2023-12-24 16:00:00,삼방동,11.0,21.0,0.0396,0.32,0.0021,0.0081,12.0,16.0
,삼방동,35.0,37.0,0.03,0.5,0.003,0.024,,
2023-05-25 14:00:00,삼방동,4.0,19.0,0.056,0.36,0.0024,0.01,5.0,14.0
2023-07-17 19:00:00,삼방동,11.0,11.0,0.041,0.36,0.0016,0.009,7.0,19.0
2023-08-03 06:00:00,삼방동,6.0,15.0,0.013,0.29,0.0014,0.007,8.0,6.0
2023-12-12 22:00:00,삼방동,3.0,7.0,0.0273,0.33,0.002,0.0114,12.0,22.0
2023-07-03 07:00:00,삼방동,12.0,17.0,0.023,0.44,,0.01,7.0,7.0
2023-07-21 01:00:00,삼방동,25.0,23.0,0.035,0.36,0.0017,0.009,7.0,1.0
2023-08-24 12:00:00,삼방동,6.0,11.0,0.026,0.41,0.0013,0.006,8.0,12.0
2023-05-23 04:00:00,삼방동,26.0,105.0,0.028,0.19,0.002,0.009,5.0,4.0
2023-05-24 10:00:00,삼방동,23.0,63.0,0.03,0.56,0.003,0.033,5.0,10.0
2023-09-19 08:00:00,삼방동,14.0,31.0,0.008,0.5,0.0012,0.017,9.0,8.0
2023-05-12 03:00:00,삼방동,7.0,21.0,0.045,0.23,0.003,0.008,5.0,3.0
2023-04-22 01:00:00,삼방동,40.0,279.0,0.049,0.21,0.002,0.004,4.0,1.0
2023-10-10 20:00:00,삼방동,11.0,19.0,0.034,0.37,0.0031,0.01,10.0,20.0
2023-01-30 23:00:00,삼방동,8.0,13.0,0.02,0.4,0.003,0.025,1.0,23.0
,삼방동,7.0,11.0,,0.18,0.0012,0.003,,
2023-09-11 03:00:00,삼방동,6.0,11.0,,0.23,0.0015,0.005,9.0,3.0
2023-05-05 12:00:00,삼방동,9.0,33.0,0.048,0.22,0.002,0.005,5.0,12.0
2023-01-26 05:00:00,삼방동,8.0,13.0,0.024,0.3,0.003,0.015,1.0,5.0
2023-01-11 09:00:00,삼방동,33.0,52.0,0.004,0.9,0.006,0.04,1.0,9.0
2023-09-23 07:00:00,삼방동,8.0,17.0,0.013,0.28,0.0015,0.012,9.0,7.0
2023-10-07 04:00:00,삼방동,12.0,29.0,0.033,0.32,0.0022,0.01,10.0,4.0
2023-03-11 01:00:00,삼방동,22.0,51.0,0.038,0.4,0.002,0.012,3.0,1.0
2023-09-30 16:00:00,삼방동,13.0,19.0,0.047,0.31,0.002,0.007,9.0,16.0
,삼방동,15.0,27.0,0.017,0.5,0.003,0.026,,
2023-04-23 10:00:00,삼방동,10.0,47.0,0.052,0.22,0.003,0.006,4.0,10.0
2023-01-19 16:00:00,삼방동,,,0.034,,0.002,0.007,1.0,16.0
2023-06-19 01:00:00,삼방동,19.0,29.0,0.044,0.39,0.0034,0.009,6.0,1.0
2023-01-09 08:00:00,삼방동,28.0,58.0,0.003,1.1,0.005,0.047,1.0,8.0
2023-01-23 05:00:00,삼방동,16.0,,0.014,0.4,0.003,0.016,1.0,5.0
2023-01-31 17:00:00,삼방동,8.0,17.0,0.04,0.3,0.003,0.012,1.0,17.0
2023-12-02 08:00:00,삼방동,11.0,21.0,0.025,0.34,0.0019,0.015,12.0,8.0
2023-08-16 11:00:00,삼방동,7.0,33.0,0.014,0.45,0.0016,0.015,8.0,11.0
2023-12-23 15:00:00,삼방동,3.0,15.0,0.0371,0.24,0.0018,0.008,12.0,15.0
,삼방동,,,0.014,,,0.025,,
2023-07-17 13:00:00,삼방동,17.0,17.0,,,,,7.0,13.0
2023-08-08 18:00:00,삼방동,4.0,9.0,0.017,0.33,0.0013,0.003,8.0,18.0
2023-07-16 07:00:00,삼방동,1.0,3.0,0.036,0.51,,0.012,7.0,7.0
2023-11-29 23:00:00,삼방동,21.0,37.0,0.0313,0.37,0.002,0.0111,11.0,23.0
2023-07-23 14:00:00,삼방동,13.0,11.0,0.036,0.37,0.0015,0.003,7.0,14.0
2023-08-24 04:00:00,삼방동,6.0,9.0,0.026,0.41,0.0012,0.003,8.0,4.0
2023-03-23 02:00:00,삼방동,,,0.039,0.3,0.002,0.007,3.0,2.0
2023-06-07 14:00:00,삼방동,,,,,,,6.0,14.0
2023-02-12 15:00:00,삼방동,26.0,29.0,0.034,0.6,0.003,0.02,2.0,15.0
2023-09-26 13:00:00,삼방동,12.0,35.0,0.014,0.39,0.0024,0.022,9.0,13.0
2023-03-05 05:00:00,삼방동,18.0,27.0,0.037,0.4,0.003,0.014,3.0,5.0
2023-10-29 20:00:00,삼방동,5.0,23.0,0.045,0.41,0.0024,0.009,10.0,20.0
2023-03-06 08:00:00,삼방동,16.0,25.0,0.003,0.7,0.003,0.042,3.0,8.0
2023-02-24 18:00:00,삼방동,26.0,29.0,0.054,0.4,0.003,0.011,2.0,18.0
2023-05-17 06:00:00,삼방동,20.0,33.0,0.038,0.23,0.002,0.012,5.0,6.0
2023-04-16 03:00:00,삼방동,5.0,19.0,0.024,0.28,0.002,0.009,4.0,3.0
2023-05-18 22:00:00,삼방동,3.0,5.0,0.048,0.13,0.002,0.01,5.0,22.0
2023-04-15 03:00:00,삼방동,7.0,17.0,0.038,0.24,0.002,0.007,4.0,3.0
2023-12-20 23:00:00,삼방동,8.0,13.0,0.0338,0.3,0.0019,0.0075,12.0,23.0
2023-11-22 14:00:00,삼방동,8.0,19.0,0.051,0.31,0.0027,0.011,11.0,14.0
2023-02-27 07:00:00,삼방동,20.0,35.0,0.003,0.6,0.004,0.041,2.0,7.0
2023-11-03 03:00:00,삼방동,10.0,19.0,0.033,0.28,0.002,0.01,11.0,3.0
2023-07-21 07:00:00,삼방동,28.0,31.0,0.019,0.35,0.0017,0.009,7.0,7.0
2023-09-22 13:00:00,삼방동,8.0,19.0,0.041,0.23,0.002,0.005,9.0,13.0
2023-05-08 19:00:00,삼방동,9.0,15.0,0.054,0.24,0.002,0.011,5.0,19.0
2023-11-15 19:00:00,삼방동,18.0,29.0,0.028,0.42,0.0019,0.022,11.0,19.0
2023-01-30 05:00:00,삼방동,15.0,37.0,0.022,0.4,0.002,0.016,1.0,5.0
2023-01-10 02:00:00,삼방동,31.0,63.0,0.026,0.4,0.003,0.013,1.0,2.0
2023-09-28 22:00:00,삼방동,13.0,19.0,0.036,0.33,0.0022,0.009,9.0,22.0
2023-03-29 07:00:00,삼방동,27.0,63.0,0.006,0.47,0.003,0.041,3.0,7.0
2023-02-25 09:00:00,삼방동,12.0,33.0,0.034,0.4,0.003,0.012,2.0,9.0
2023-07-26 07:00:00,삼방동,10.0,13.0,0.008,0.27,0.0014,0.005,7.0,7.0
2023-08-23 15:00:00,삼방동,9.0,23.0,0.016,0.37,0.0018,0.005,8.0,15.0
2023-02-17 15:00:00,삼방동,26.0,31.0,0.016,0.5,0.003,0.037,2.0,15.0
2023-12-28 18:00:00,삼방동,27.0,53.0,0.0335,0.41,0.0023,0.0214,12.0,18.0
2023-01-29 04:00:00,삼방동,12.0,23.0,0.024,0.4,0.002,0.011,1.0,4.0
2023-05-04 03:00:00,삼방동,8.0,25.0,0.052,0.23,0.002,0.005,5.0,3.0
2023-08-14 04:00:00,삼방동,7.0,15.0,0.018,0.29,0.0013,0.002,8.0,4.0
2023-10-13 08:00:00,삼방동,11.0,31.0,0.013,0.39,0.0022,0.028,10.0,8.0
2023-09-14 17:00:00,삼방동,6.0,13.0,,0.32,0.002,0.008,9.0,17.0
2023-12-06 17:00:00,삼방동,22.0,37.0,0.0456,0.42,0.0027,0.0193,12.0,17.0
2023-12-04 07:00:00,삼방동,28.0,51.0,0.0018,0.55,0.007,0.0348,12.0,7.0
2023-07-27 08:00:00,삼방동,25.0,29.0,0.012,0.33,0.0015,0.007,7.0,8.0
2023-11-07 08:00:00,삼방동,9.0,29.0,0.026,0.28,0.0021,0.013,11.0,8.0
2023-10-03 03:00:00,삼방동,6.0,19.0,0.03,0.3,0.0023,0.01,10.0,3.0
2023-04-25 19:00:00,삼방동,4.0,9.0,0.039,0.25,0.002,0.01,4.0,19.0
2023-08-12 12:00:00,삼방동,11.0,21.0,0.035,0.52,0.0014,0.004,8.0,12.0
2023-09-29 23:00:00,삼방동,22.0,33.0,0.049,0.44,0.0024,0.01,9.0,23.0
2023-09-11 17:00:00,삼방동,8.0,21.0,0.056,0.25,0.0019,0.009,9.0,17.0
2023-01-03 03:00:00,삼방동,8.0,19.0,0.023,0.3,0.003,0.008,1.0,3.0
2023-07-06 09:00:00,삼방동,22.0,43.0,0.016,0.66,,0.028,7.0,9.0
2023-08-02 09:00:00,삼방동,7.0,23.0,0.014,0.31,0.0021,0.015,8.0,9.0
2023-02-09 05:00:00,삼방동,27.0,31.0,0.029,0.5,0.003,0.019,2.0,5.0
2023-06-12 23:00:00,삼방동,7.0,17.0,0.035,0.28,0.0028,0.012,6.0,23.0
2023-08-15 13:00:00,삼방동,4.0,9.0,0.021,0.26,0.0013,0.003,8.0,13.0
2023-07-18 11:00:00,삼방동,8.0,9.0,0.027,0.38,0.0018,0.008,7.0,11.0
2023-01-18 04:00:00,삼방동,19.0,29.0,0.025,,0.003,0.008,1.0,4.0
,삼방동,16.0,41.0,0.048,0.34,0.002,0.014,,
2023-07-12 23:00:00,삼방동,7.0,23.0,0.032,0.45,,0.007,7.0,23.0
2023-03-22 22:00:00,삼방동,,,0.051,0.3,0.002,0.006,3.0,22.0
2023-07-24 13:00:00,삼방동,,,,,,,7.0,13.0
2023-10-07 11:00:00,삼방동,13.0,29.0,0.032,0.32,0.0022,0.013,10.0,11.0
2023-03-07 09:00:00,삼방동,38.0,53.0,0.004,0.8,0.004,0.055,3.0,9.0
2023-06-15 10:00:00,삼방동,14.0,31.0,0.042,0.32,0.0026,0.01,6.0,10.0
2023-11-06 17:00:00,삼방동,6.0,23.0,0.043,0.34,0.0022,0.01,11.0,17.0
2023-06-19 12:00:00,삼방동,14.0,31.0,0.081,0.31,0.0029,0.005,6.0,12.0
2023-06-29 14:00:00,삼방동,4.0,9.0,0.023,0.34,0.003,0.007,6.0,14.0
2023-05-09 11:00:00,삼방동,15.0,27.0,0.066,0.39,0.003,0.011,5.0,11.0
2023-04-20 12:00:00,삼방동,16.0,35.0,0.059,0.34,0.003,0.008,4.0,12.0
2023-01-05 06:00:00,삼방동,23.0,34.0,0.007,0.4,0.004,0.032,1.0,6.0
2023-03-12 20:00:00,삼방동,7.0,19.0,0.04,0.4,0.002,0.007,3.0,20.0
2023-05-22 16:00:00,삼방동,25.0,101.0,0.045,0.2,0.002,0.009,5.0,16.0
2023-09-24 23:00:00,삼방동,4.0,19.0,0.041,0.19,0.0013,0.004,9.0,23.0
2023-04-21 11:00:00,삼방동,10.0,61.0,0.056,0.28,0.003,0.007,4.0,11.0
2023-05-17 21:00:00,삼방동,23.0,41.0,0.052,0.2,0.002,0.008,5.0,21.0
2023-08-17 16:00:00,삼방동,10.0,19.0,0.019,0.31,0.0013,0.006,8.0,16.0
2023-04-09 21:00:00,삼방동,10.0,35.0,0.046,0.3,0.002,0.014,4.0,21.0
2023-06-06 12:00:00,삼방동,11.0,23.0,0.071,0.27,0.0023,0.009,6.0,12.0
,삼방동,50.0,121.0,0.074,0.51,0.003,0.014,,
2023-12-01 16:00:00,삼방동,8.0,13.0,0.036,0.3,0.0018,0.0087,12.0,16.0
2023-04-07 18:00:00,삼방동,10.0,29.0,0.061,0.31,0.002,0.008,4.0,18.0
2023-10-21 20:00:00,삼방동,9.0,23.0,0.022,0.39,0.0016,0.017,10.0,20.0
2023-03-01 23:00:00,삼방동,23.0,27.0,0.047,0.3,0.003,0.008,3.0,23.0
2023-02-26 06:00:00,삼방동,14.0,23.0,0.033,0.4,0.003,0.01,2.0,6.0
2023-05-20 02:00:00,삼방동,17.0,27.0,0.042,0.18,0.002,0.005,5.0,2.0
2023-06-07 07:00:00,삼방동,17.0,25.0,0.022,0.47,0.0025,0.014,6.0,7.0
2023-07-16 13:00:00,삼방동,1.0,1.0,0.039,0.49,,0.005,7.0,13.0
2023-05-08 08:00:00,삼방동,12.0,21.0,0.043,0.26,0.002,0.01,5.0,8.0
,삼방동,6.0,19.0,0.029,0.36,0.003,0.014,,
2023-10-20 10:00:00,삼방동,8.0,19.0,0.028,0.26,0.0017,0.012,10.0,10.0
2023-04-10 16:00:00,삼방동,6.0,25.0,0.059,0.22,0.002,0.007,4.0,16.0
2023-07-02 19:00:00,삼방동,3.0,9.0,0.048,0.45,,0.01,7.0,19.0
2023-04-13 17:00:00,삼방동,14.0,99.0,0.047,0.24,0.002,0.016,4.0,17.0
2023-05-10 23:00:00,삼방동,16.0,37.0,0.045,0.38,0.002,0.018,5.0,23.0
2023-04-23 04:00:00,삼방동,17.0,105.0,0.051,0.21,0.002,0.004,4.0,4.0
,삼방동,,,0.048,0.3,0.002,0.007,,
2023-02-17 22:00:00,삼방동,22.0,23.0,0.003,0.6,0.003,0.039,2.0,22.0
2023-03-28 09:00:00,삼방동,25.0,67.0,0.008,0.5,0.004,0.041,3.0,9.0
2023-03-15 17:00:00,삼방동,6.0,17.0,0.052,0.3,0.002,0.007,3.0,17.0
,삼방동,23.0,31.0,0.044,0.5,0.003,0.018,,
2023-08-13 14:00:00,삼방동,17.0,27.0,0.047,0.37,0.0025,0.005,8.0,14.0
2023-12-06 18:00:00,삼방동,22.0,41.0,0.0369,0.45,0.0025,0.0272,12.0,18.0
2023-08-10 11:00:00,삼방동,4.0,5.0,0.026,0.42,0.001,0.003,8.0,11.0
2023-08-10 04:00:00,삼방동,0.0,5.0,0.019,0.37,0.0012,0.002,8.0,4.0
2023-07-04 03:00:00,삼방동,3.0,7.0,0.028,0.35,,0.005,7.0,3.0
2023-09-09 11:00:00,삼방동,6.0,23.0,,0.29,0.0017,0.009,9.0,11.0
2023-12-20 01:00:00,삼방동,9.0,13.0,0.0231,0.32,0.0025,0.0154,12.0,1.0
2023-02-27 05:00:00,삼방동,21.0,23.0,0.016,0.5,0.003,0.026,2.0,5.0
2023-08-16 07:00:00,삼방동,12.0,21.0,0.011,0.41,0.0016,0.011,8.0,7.0
2023-03-15 07:00:00,삼방동,21.0,43.0,0.003,0.6,0.004,0.044,3.0,7.0
2023-01-31 23:00:00,삼방동,14.0,25.0,0.012,0.5,0.003,0.04,1.0,23.0
2023-01-08 13:00:00,삼방동,20.0,47.0,0.03,0.4,0.003,0.011,1.0,13.0
2023-10-17 10:00:00,삼방동,8.0,37.0,0.032,0.31,0.0024,0.013,10.0,10.0
2023-08-23 19:00:00,삼방동,11.0,17.0,0.018,0.35,0.0018,0.007,8.0,19.0
2023-09-27 08:00:00,삼방동,14.0,17.0,0.013,0.47,0.002,0.013,9.0,8.0
2023-08-11 01:00:00,삼방동,3.0,15.0,0.017,0.31,0.0014,0.005,8.0,1.0
2023-01-15 14:00:00,삼방동,3.0,9.0,0.021,,0.003,0.006,1.0,14.0
2023-11-06 22:00:00,삼방동,7.0,31.0,0.038,0.25,0.0021,0.008,11.0,22.0
2023-12-22 20:00:00,삼방동,6.0,21.0,0.0292,0.29,0.002,0.0119,12.0,20.0
2023-10-13 21:00:00,삼방동,7.0,13.0,0.036,0.33,0.0025,0.015,10.0,21.0
2023-05-01 06:00:00,삼방동,14.0,63.0,0.061,0.32,0.003,0.007,5.0,6.0
2023-05-19 11:00:00,삼방동,1.0,7.0,0.055,0.07,0.002,0.005,5.0,11.0
2023-06-23 06:00:00,삼방동,9.0,15.0,0.03,0.32,0.0024,0.008,6.0,6.0
2023-08-08 16:00:00,삼방동,7.0,13.0,0.019,0.34,0.0015,0.003,8.0,16.0
2023-08-21 20:00:00,삼방동,11.0,21.0,0.013,0.32,0.0018,0.012,8.0,20.0
2023-01-04 10:00:00,삼방동,15.0,35.0,0.023,0.3,0.003,0.012,1.0,10.0
2023-12-07 20:00:00,삼방동,15.0,47.0,0.0169,0.47,0.0025,0.0295,12.0,20.0
2023-02-08 21:00:00,삼방동,23.0,29.0,0.03,0.5,0.003,0.026,2.0,21.0
2023-07-26 02:00:00,삼방동,5.0,9.0,0.009,0.24,0.0014,0.004,7.0,2.0
2023-10-13 10:00:00,삼방동,19.0,37.0,0.024,0.42,0.0029,0.027,10.0,10.0
2023-12-06 01:00:00,삼방동,17.0,35.0,0.0074,0.5,0.0041,0.0351,12.0,1.0
2023-04-18 10:00:00,삼방동,17.0,73.0,0.033,0.32,0.002,0.029,4.0,10.0
2023-06-22 21:00:00,삼방동,9.0,17.0,0.039,0.37,0.0026,0.012,6.0,21.0
2023-10-06 22:00:00,삼방동,14.0,29.0,0.039,0.38,0.0023,0.015,10.0,22.0
2023-04-29 11:00:00,삼방동,5.0,19.0,0.04,0.27,0.002,0.012,4.0,11.0
2023-06-09 02:00:00,삼방동,8.0,11.0,0.043,0.29,0.0022,0.005,6.0,2.0
2023-03-08 14:00:00,삼방동,19.0,43.0,0.077,0.4,0.002,0.009,3.0,14.0
2023-10-02 11:00:00,삼방동,10.0,25.0,0.038,0.28,0.0021,0.008,10.0,11.0
2023-03-09 10:00:00,삼방동,7.0,25.0,0.028,0.3,0.003,0.025,3.0,10.0
2023-08-03 05:00:00,삼방동,8.0,13.0,0.013,0.27,0.0014,0.006,8.0,5.0
2023-06-14 15:00:00,삼방동,19.0,45.0,0.093,0.33,0.0037,0.012,6.0,15.0
2023-05-05 13:00:00,삼방동,10.0,31.0,0.047,0.22,0.002,0.004,5.0,13.0
2023-01-27 02:00:00,삼방동,15.0,25.0,0.012,0.4,0.003,0.017,1.0,2.0
2023-02-02 22:00:00,삼방동,17.0,25.0,0.021,0.5,0.003,0.027,2.0,22.0
2023-07-12 16:00:00,삼방동,3.0,13.0,0.044,0.42,,0.008,7.0,16.0
2023-06-05 15:00:00,삼방동,10.0,27.0,0.076,0.32,0.0013,0.007,6.0,15.0
2023-04-07 01:00:00,삼방동,,,0.04,0.46,0.002,0.005,4.0,1.0
2023-01-29 05:00:00,삼방동,13.0,37.0,0.027,0.4,0.002,0.008,1.0,5.0
2023-03-02 13:00:00,삼방동,7.0,29.0,0.042,0.3,0.003,0.008,3.0,13.0
2023-10-10 12:00:00,삼방동,9.0,25.0,0.048,0.29,0.002,0.008,10.0,12.0
2023-02-01 20:00:00,삼방동,24.0,53.0,0.045,0.5,0.003,0.012,2.0,20.0
2023-01-14 23:00:00,삼방동,2.0,10.0,0.039,,0.003,0.003,1.0,23.0
2023-09-25 14:00:00,삼방동,10.0,25.0,0.048,0.27,0.002,0.008,9.0,14.0
2023-05-06 15:00:00,삼방동,2.0,3.0,0.055,0.3,0.002,0.005,5.0,15.0
2023-03-04 14:00:00,삼방동,31.0,49.0,0.067,0.4,0.003,0.012,3.0,14.0
,삼방동,12.0,17.0,0.021,0.29,0.0019,0.008,,
2023-10-14 16:00:00,삼방동,13.0,27.0,0.065,0.44,0.0039,0.012,10.0,16.0
2023-10-07 17:00:00,삼방동,6.0,19.0,0.042,0.27,0.0037,0.009,10.0,17.0
2023-05-18 11:00:00,삼방동,8.0,15.0,0.049,0.1,0.002,0.009,5.0,11.0
,삼방동,,,,,,,,
2023-11-09 06:00:00,삼방동,18.0,35.0,0.002,0.42,0.0029,0.03,11.0,6.0
2023-05-12 05:00:00,삼방동,9.0,17.0,0.036,0.25,0.003,0.013,5.0,5.0
2023-07-12 12:00:00,삼방동,1.0,1.0,0.049,0.41,,0.007,7.0,12.0
2023-05-06 17:00:00,삼방동,1.0,1.0,0.052,0.27,0.002,0.005,5.0,17.0
2023-01-30 15:00:00,삼방동,,,,,,,1.0,15.0
2023-07-17 12:00:00,삼방동,,,,,,,7.0,12.0
2023-05-14 13:00:00,삼방동,19.0,27.0,0.073,0.29,0.002,0.008,5.0,13.0
2023-07-27 10:00:00,삼방동,32.0,31.0,0.015,0.38,0.0022,0.012,7.0,10.0
2023-11-09 08:00:00,삼방동,18.0,41.0,0.003,0.5,0.0025,0.031,11.0,8.0
2023-03-23 14:00:00,삼방동,5.0,7.0,0.038,0.4,0.002,0.009,3.0,14.0
2023-04-14 14:00:00,삼방동,26.0,77.0,0.009,0.49,0.003,0.054,4.0,14.0
2023-03-30 16:00:00,삼방동,30.0,83.0,0.081,0.37,0.003,0.018,3.0,16.0
2023-07-04 13:00:00,삼방동,6.0,13.0,0.05,0.37,,0.01,7.0,13.0
2023-10-05 16:00:00,삼방동,4.0,29.0,0.049,0.32,0.002,0.008,10.0,16.0
2023-02-11 22:00:00,삼방동,22.0,29.0,0.032,0.6,0.003,0.02,2.0,22.0
2023-07-08 21:00:00,삼방동,10.0,15.0,0.03,0.61,,0.022,7.0,21.0
2023-12-20 05:00:00,삼방동,13.0,31.0,0.0113,0.38,0.0028,0.0247,12.0,5.0
2023-01-25 11:00:00,삼방동,,,,,,,1.0,11.0
2023-09-13 10:00:00,삼방동,25.0,41.0,0.03,0.47,0.0011,0.016,9.0,10.0
2023-10-27 14:00:00,삼방동,22.0,55.0,0.059,0.49,0.0023,0.008,10.0,14.0
2023-02-10 06:00:00,삼방동,3.0,5.0,0.032,0.4,0.002,0.012,2.0,6.0
2023-07-22 16:00:00,삼방동,6.0,5.0,0.038,0.2,0.0014,0.005,7.0,16.0
2023-03-29 20:00:00,삼방동,53.0,121.0,0.078,0.51,0.003,0.018,3.0,20.0
2023-08-08 23:00:00,삼방동,9.0,11.0,0.014,0.37,0.0014,0.003,8.0,23.0
2023-09-27 23:00:00,삼방동,5.0,11.0,0.029,0.32,0.002,0.008,9.0,23.0
2023-12-03 11:00:00,삼방동,26.0,47.0,0.027,0.44,0.0026,0.0168,12.0,11.0
2023-10-20 03:00:00,삼방동,6.0,9.0,0.04,0.23,0.0016,0.008,10.0,3.0
2023-05-15 23:00:00,삼방동,22.0,41.0,0.075,0.25,0.002,0.011,5.0,23.0
2023-10-29 07:00:00,삼방동,11.0,27.0,0.015,0.53,0.0023,0.017,10.0,7.0
,삼방동,7.0,23.0,0.03,0.35,0.0017,0.016,,
2023-03-05 16:00:00,삼방동,10.0,21.0,0.056,0.3,0.003,0.008,3.0,16.0
2023-01-08 05:00:00,삼방동,34.0,62.0,0.031,0.4,0.003,0.007,1.0,5.0
2023-07-24 07:00:00,삼방동,3.0,3.0,,0.41,0.0013,0.009,7.0,7.0
2023-02-24 02:00:00,삼방동,37.0,41.0,0.042,0.5,0.003,0.013,2.0,2.0
2023-07-15 07:00:00,삼방동,3.0,7.0,0.023,0.42,,0.003,7.0,7.0
2023-02-27 02:00:00,삼방동,22.0,25.0,0.014,0.5,0.004,0.033,2.0,2.0
2023-09-24 02:00:00,삼방동,2.0,17.0,0.043,0.2,0.0012,0.004,9.0,2.0
,삼방동,66.0,92.0,0.033,0.6,0.005,0.018,,
2023-02-27 18:00:00,삼방동,15.0,19.0,0.054,0.4,0.003,0.02,2.0,18.0
2023-01-12 04:00:00,삼방동,18.0,34.0,0.009,0.5,0.003,0.028,1.0,4.0
2023-07-24 18:00:00,삼방동,3.0,7.0,0.018,0.31,0.0014,0.012,7.0,18.0
2023-03-20 09:00:00,삼방동,30.0,61.0,0.01,0.7,0.003,0.057,3.0,9.0
,삼방동,6.0,19.0,0.044,0.26,0.003,0.011,,
2023-09-11 10:00:00,삼방동,10.0,27.0,,0.31,0.0016,0.017,9.0,10.0
2023-04-28 19:00:00,삼방동,12.0,33.0,0.055,0.29,0.003,0.008,4.0,19.0
2023-01-23 23:00:00,삼방동,19.0,,0.032,0.4,0.002,0.011,1.0,23.0
2023-08-31 06:00:00,삼방동,11.0,23.0,0.01,0.45,0.0015,0.009,8.0,6.0
2023-03-07 02:00:00,삼방동,22.0,31.0,0.04,0.4,0.003,0.016,3.0,2.0
2023-04-15 13:00:00,삼방동,12.0,29.0,0.037,0.3,0.002,0.009,4.0,13.0
2023-04-20 23:00:00,삼방동,21.0,43.0,0.025,0.36,0.003,0.024,4.0,23.0
2023-12-17 12:00:00,삼방동,5.0,17.0,0.0337,0.3,0.0019,0.0071,12.0,12.0
2023-03-12 12:00:00,삼방동,17.0,27.0,0.045,0.4,0.002,0.011,3.0,12.0
2023-06-17 17:00:00,삼방동,11.0,31.0,0.077,0.29,0.0038,0.012,6.0,17.0
2023-07-18 05:00:00,삼방동,9.0,7.0,0.015,0.32,0.0015,0.004,7.0,5.0
2023-05-13 20:00:00,삼방동,9.0,17.0,0.046,0.26,0.002,0.008,5.0,20.0
2023-09-10 02:00:00,삼방동,4.0,7.0,,0.22,0.0013,0.005,9.0,2.0
2023-09-23 23:00:00,삼방동,3.0,15.0,0.04,0.2,0.0014,0.004,9.0,23.0
2023-07-01 07:00:00,삼방동,14.0,25.0,0.021,0.66,,0.013,7.0,7.0
2023-01-23 06:00:00,삼방동,19.0,,0.007,0.4,0.004,0.021,1.0,6.0
,삼방동,9.0,7.0,0.04,0.3,0.003,0.007,,
2023-08-28 01:00:00,삼방동,7.0,13.0,0.025,0.23,0.0012,0.003,8.0,1.0
2023-11-03 11:00:00,삼방동,16.0,35.0,0.034,0.32,0.0044,0.023,11.0,11.0
2023-03-03 16:00:00,삼방동,16.0,37.0,0.055,0.3,0.003,0.01,3.0,16.0
2023-01-03 18:00:00,삼방동,8.0,19.0,0.02,0.3,0.003,0.021,1.0,18.0
2023-05-09 19:00:00,삼방동,17.0,33.0,0.076,0.36,0.003,0.022,5.0,19.0
2023-12-16 07:00:00,삼방동,3.0,7.0,0.0233,0.43,0.002,0.0094,12.0,7.0
2023-09-27 19:00:00,삼방동,6.0,17.0,0.025,0.44,0.0022,0.015,9.0,19.0
,삼방동,8.0,19.0,0.041,0.22,0.002,0.007,,
2023-07-07 03:00:00,삼방동,19.0,31.0,0.052,0.47,,0.004,7.0,3.0
2023-01-15 19:00:00,삼방동,5.0,13.0,0.021,,0.003,0.006,1.0,19.0
2023-03-23 09:00:00,삼방동,,,0.019,0.4,0.002,0.023,3.0,9.0
,삼방동,13.0,29.0,0.016,0.5,0.003,0.035,,
2023-10-25 18:00:00,삼방동,13.0,31.0,0.044,0.35,0.0017,0.025,10.0,18.0
2023-04-24 15:00:00,삼방동,9.0,31.0,0.056,0.23,0.002,0.006,4.0,15.0
2023-12-30 16:00:00,삼방동,40.0,71.0,0.0367,0.47,0.0029,0.0221,12.0,16.0
2023-05-31 22:00:00,삼방동,8.0,15.0,0.037,0.49,0.0032,0.015,5.0,22.0
2023-05-04 19:00:00,삼방동,7.0,15.0,0.049,0.26,0.002,0.011,5.0,19.0
2023-09-13 09:00:00,삼방동,23.0,41.0,0.016,0.53,0.001,0.013,9.0,9.0
2023-08-08 13:00:00,삼방동,10.0,15.0,0.019,0.41,0.0015,0.004,8.0,13.0
2023-06-12 05:00:00,삼방동,0.0,3.0,0.018,0.21,0.0021,0.005,6.0,5.0
2023-10-20 09:00:00,삼방동,6.0,15.0,0.027,0.26,0.0016,0.012,10.0,9.0
2023-08-25 17:00:00,삼방동,13.0,19.0,0.04,0.4,0.002,0.012,8.0,17.0
2023-01-20 17:00:00,삼방동,10.0,,0.032,0.3,0.002,0.006,1.0,17.0
2023-02-12 03:00:00,삼방동,31.0,39.0,0.016,0.7,0.003,0.023,2.0,3.0
2023-11-30 02:00:00,삼방동,15.0,23.0,0.031,0.34,0.0019,0.0085,11.0,2.0
2023-05-06 18:00:00,삼방동,0.0,3.0,0.05,0.27,0.002,0.004,5.0,18.0
2023-06-27 20:00:00,삼방동,4.0,9.0,0.028,0.34,0.0025,0.006,6.0,20.0
2023-05-31 06:00:00,삼방동,4.0,15.0,0.047,0.39,0.0023,0.006,5.0,6.0
2023-10-10 22:00:00,삼방동,10.0,23.0,0.036,0.39,0.0034,0.009,10.0,22.0
2023-12-09 09:00:00,삼방동,11.0,51.0,0.0317,0.46,0.0023,0.0275,12.0,9.0
2023-02-06 05:00:00,삼방동,25.0,27.0,0.021,0.5,0.003,0.027,2.0,5.0
2023-01-14 12:00:00,삼방동,3.0,10.0,0.045,,0.003,0.004,1.0,12.0
2023-09-18 05:00:00,삼방동,2.0,9.0,0.022,0.25,0.002,0.007,9.0,5.0
2023-09-25 09:00:00,삼방동,5.0,25.0,0.029,0.22,0.0013,0.009,9.0,9.0
,삼방동,3.0,9.0,0.034,0.24,0.0017,0.006,,
2023-03-05 02:00:00,삼방동,14.0,27.0,0.045,0.4,0.003,0.012,3.0,2.0
2023-03-21 23:00:00,삼방동,,,0.041,0.4,0.002,0.012,3.0,23.0
2023-12-14 07:00:00,삼방동,12.0,21.0,0.0028,0.45,0.0029,0.0326,12.0,7.0
2023-10-20 23:00:00,삼방동,7.0,19.0,0.025,0.31,0.0016,0.012,10.0,23.0
2023-08-16 14:00:00,삼방동,9.0,27.0,0.023,0.47,0.002,0.009,8.0,14.0
2023-12-05 20:00:00,삼방동,22.0,43.0,0.0023,0.58,0.0026,0.0481,12.0,20.0
2023-01-31 11:00:00,삼방동,29.0,65.0,0.01,0.6,0.005,0.049,1.0,11.0
2023-08-14 13:00:00,삼방동,10.0,19.0,0.03,0.35,0.0016,0.005,8.0,13.0
2023-05-11 08:00:00,삼방동,25.0,53.0,0.024,0.49,0.003,0.026,5.0,8.0
2023-02-14 13:00:00,삼방동,18.0,17.0,0.044,0.4,0.003,0.007,2.0,13.0
2023-09-13 14:00:00,삼방동,11.0,15.0,0.052,0.31,0.001,0.008,9.0,14.0
2023-08-26 09:00:00,삼방동,17.0,27.0,0.016,0.41,0.0016,0.011,8.0,9.0
2023-03-17 04:00:00,삼방동,10.0,39.0,0.04,0.4,0.003,0.009,3.0,4.0
2023-11-18 19:00:00,삼방동,8.0,17.0,0.032,0.43,0.0018,0.014,11.0,19.0
2023-07-28 15:00:00,삼방동,,31.0,0.036,0.2,0.0027,0.006,7.0,15.0
2023-08-28 06:00:00,삼방동,8.0,17.0,0.023,0.23,0.0012,0.003,8.0,6.0
2023-02-22 06:00:00,삼방동,23.0,23.0,0.001,0.5,0.005,0.037,2.0,6.0
2023-02-04 18:00:00,삼방동,24.0,33.0,0.045,0.5,0.003,0.013,2.0,18.0
2023-04-03 01:00:00,삼방동,19.0,37.0,0.063,0.27,0.002,0.004,4.0,1.0
2023-08-20 12:00:00,삼방동,16.0,27.0,0.036,0.63,0.0023,0.005,8.0,12.0
2023-01-22 15:00:00,삼방동,11.0,,0.023,0.4,0.002,0.014,1.0,15.0
2023-11-12 21:00:00,삼방동,7.0,15.0,0.032,0.29,0.0018,0.009,11.0,21.0
2023-10-12 09:00:00,삼방동,12.0,35.0,0.01,0.43,0.0024,0.032,10.0,9.0
2023-11-26 17:00:00,삼방동,11.0,23.0,0.028,0.35,0.002,0.017,11.0,17.0
2023-08-12 05:00:00,삼방동,10.0,21.0,0.032,0.48,0.0012,0.005,8.0,5.0
2023-11-04 22:00:00,삼방동,18.0,29.0,0.015,0.45,0.0021,0.02,11.0,22.0
2023-12-20 07:00:00,삼방동,12.0,27.0,0.0133,0.43,0.0021,0.025,12.0,7.0
2023-05-26 01:00:00,삼방동,8.0,19.0,0.033,0.39,0.0023,0.013,5.0,1.0
2023-09-21 13:00:00,삼방동,5.0,13.0,0.041,0.3,0.0013,,9.0,13.0
2023-05-07 02:00:00,삼방동,15.0,25.0,0.053,0.28,0.002,0.003,5.0,2.0
2023-09-28 09:00:00,삼방동,4.0,17.0,0.029,0.29,0.0021,0.007,9.0,9.0
2023-11-23 06:00:00,삼방동,12.0,23.0,0.019,0.41,0.0022,0.026,11.0,6.0
2023-09-06 16:00:00,삼방동,9.0,21.0,,0.18,0.0014,0.004,9.0,16.0
2023-02-25 03:00:00,삼방동,21.0,25.0,0.039,0.4,0.004,0.011,2.0,3.0
2023-04-20 08:00:00,삼방동,30.0,57.0,0.007,0.62,0.003,0.034,4.0,8.0
2023-12-28 07:00:00,삼방동,31.0,57.0,0.0024,0.61,0.0085,0.0375,12.0,7.0
2023-04-24 05:00:00,삼방동,7.0,17.0,0.047,0.22,0.002,0.005,4.0,5.0
2023-04-23 11:00:00,삼방동,8.0,31.0,0.059,0.23,0.003,0.006,4.0,11.0
2023-10-07 06:00:00,삼방동,13.0,25.0,0.029,0.33,0.0022,0.011,10.0,6.0
2023-10-15 22:00:00,삼방동,11.0,15.0,0.038,0.38,0.0019,0.013,10.0,22.0
2023-11-16 15:00:00,삼방동,23.0,31.0,0.023,0.4,0.0024,0.029,11.0,15.0
2023-03-09 01:00:00,삼방동,8.0,17.0,0.038,0.3,0.002,0.014,3.0,1.0
2023-06-07 23:00:00,삼방동,,,,,,,6.0,23.0
2023-09-01 10:00:00,삼방동,7.0,7.0,0.01,0.34,0.0013,0.011,9.0,10.0
2023-02-25 20:00:00,삼방동,17.0,19.0,0.04,0.4,0.003,0.016,2.0,20.0
2023-10-14 09:00:00,삼방동,14.0,29.0,0.014,0.37,0.0022,0.028,10.0,9.0
2023-06-11 07:00:00,삼방동,20.0,25.0,0.032,0.35,0.0025,0.008,6.0,7.0
2023-09-09 14:00:00,삼방동,4.0,13.0,,0.23,0.0013,0.005,9.0,14.0
2023-03-07 19:00:00,삼방동,14.0,35.0,0.059,0.4,0.002,0.019,3.0,19.0
2023-09-26 20:00:00,삼방동,19.0,21.0,0.009,0.46,0.0023,0.023,9.0,20.0
2023-05-20 11:00:00,삼방동,12.0,27.0,0.045,0.18,0.002,0.012,5.0,11.0
2023-02-14 06:00:00,삼방동,16.0,17.0,0.027,0.5,0.003,0.016,2.0,6.0
2023-06-11 21:00:00,삼방동,4.0,11.0,0.033,0.24,0.0026,0.01,6.0,21.0
2023-08-19 04:00:00,삼방동,7.0,17.0,0.019,0.34,0.0015,0.005,8.0,4.0
2023-05-02 18:00:00,삼방동,11.0,33.0,0.061,0.29,0.003,0.017,5.0,18.0
2023-10-02 16:00:00,삼방동,5.0,11.0,0.047,0.28,0.0021,0.007,10.0,16.0
2023-02-14 16:00:00,삼방동,14.0,21.0,0.042,0.4,0.002,0.009,2.0,16.0
2023-05-04 17:00:00,삼방동,10.0,25.0,0.053,0.23,0.003,0.01,5.0,17.0
2023-04-12 13:00:00,삼방동,17.0,179.0,0.053,0.21,0.002,0.005,4.0,13.0
,삼방동,6.0,13.0,0.041,0.37,0.001,0.007,,
2023-08-02 10:00:00,삼방동,8.0,23.0,0.02,0.27,0.0024,0.012,8.0,10.0
